Ah́emi||phraseology|przepraszam
Aikia|ˈa.i.ki.a|name
Aḿachagi a||phraseology|przespać się (z kimś)
Aḿachagi chu||phraseology|przespać coś
And́royas|an.ˈdrɔ.jas|n|nazwa własna określająca kraj: Cesarstwo And́royas, {Eygeride yi And́royas}
And́royasyi|an.ˈdrɔ.ja.sʏ|adj|And́royasański
Aríos|ar.ˈi.ɔs|n|nazwa własna określająca księżyc planety Maŕid, Księżyc
Asuma|ˈa.su.ma|name
Che recha||phraseology|to wszystko, tylko tyle, to i już, nic więcej
Dori|ˈdɔ.ri|name|zdrobnienie od Dorikus, obecnie imię
Dorikus|ˈdɔ.ri.kus|name
Enris||name
Enrisa||name
Enriz||name
Enriza||name
Epi rori||phraseology|wydawać się
Eri͞us|ˈɛr.ius|name
Eryus|ˈɛr.jus|name|obecnie popularniejsza forma
Esi gir on||phraseology|być złym na (coś, kogoś)
Feyna|ˈfɛj.na|name
Fo tyi lipet||phraseology|dla twojego dobra
Furu|ˈfu.ru|name
Ge uýut||phraseology|zostać uciszonym
Gusti dyet||phraseology|Cieszyć się (z powodu czegoś), być podekscytowanym z powodu czegoś
Ieni au||phraseology|Pochodzić z (skądś)
Inuri a||phraseology|Robić coś zwykle, być przyzwyczajonym do czegoś, być zwykłym do czegoś
Isdat alhyi isture||phraseology|VAT
Jahal|ˈʐa.xal|name
Jaida|ˈʐa.i.da|name
Jana|ˈʐa.na|name
Jayda|ˈʐaj.da|name
Jugodar|ˈʐu.gɔ.dar|name
Karra|ˈkar.ra|name|piękna od przymiotnika
Kat́i͞a|ka.ˈtia|name|druga, te formy różnią się wymową, pierwsza jest popularna na Zachodzie
Katia|ˈka.ti.a|name|druga
Katya|ˈkat.ja|name|druga
Kayen|ˈka.jɛn|name|urodzony w nocy
Kayla|ˈkaj.la|name
Kaylie|ˈkaj.li.ɛ|name
Kipeniti a||phraseology|Wzorować się na czymś
Klotarch|ˈklɔ.tart͡ʂ|name
Koolder|ˈkɔ.ɔl.dɛr|name|kochający albo ukochany
La͞ioj|ˈlai.ɔʐ|name
Lante͞a|ˈlan.tɛa|name
Layoj|ˈla.jɔʐ|name|obecnie popularniejsza forma
Lia͞u|ˈli.au|name
Lichen|ˈli.t͡ʂɛn|name|prawy
Lihen|ˈli.xɛn|name|prawy
Lipe kay||phraseology|dobranoc
Lipe tay||phraseology|dobrego dnia
Lipe zevoyim||phraseology|dobrego poranka
Live||phraseology|naprzód! Do przodu!
Luuna|ˈlu.un.a|name
Nimu͞e|ˈnʲi.muɛ|name|czarodziejka
Niva|ˈnʲi.va|name
Nowa|ˈnɔ.wa|name
Nowaja|nɔ.wa.ʐa|n|nazwa własna określająca stolicę And́royas
Nu͞ovi|ˈnuɔ.vi|name
Okupao mejeri||phraseology|Pozbywać się problemu, rozwiązywać problem
Oril|ˈɔr.il|name
Orila|ˈɔr.il.a|name
Rigati||phraseology|dziękuję
Sagarok|ˈsa.ga.rɔk|name
Sarok|ˈsa.rɔk|name
Seja|ˈsɛ.ʐa|n|fem|gwiazda układu Maŕid
Seysei choke chu ti||phraseology|miło było ciebie poznać
Sirohil|ˈsi.rɔ.xil|name
Tebatte||phraseology|powinieneś, powinnaś, należy (coś zrobić)
Ti͞ar|ˈtiar|name|uzdolniony|
Ti͞arŕa|tiar.ˈra|name|uzdolniona|
Tirar|ˈti.rar|name|
Trank arkai||phraseology|Panuje pokój
Veder|ˈvɛ.dɛr|name|rzemieślnik
Vek baán||phraseology|dawno temu, stare dzieje
Vige choke tay||phraseology|miłego dnia
Vige menede||phraseology|na zdrowie
Vige sekupa vayara||phraseology|bezpiecznej podróży
Vige veydi||phraseology|do widzenia
Wolor|ˈwɔ.lɔr|name|
Yeécho||phraseology|oczywiście
Zaimi||phraseology|żegnaj
Zay||phraseology|pa, papa
Zinga|ˈzin.ga|name|
Zirfeńara|zir.fɛ.ˈna.ri|name|Zir Fen Ari - Jaskółka, która Płynęła po Niebie
[liczebnik] razi||phraseology|ileś razy, dwa razy
a|ˈa|n|jeden, jedynka
a|ˈa|part|na czymś (fizycznie -- coś leży na czymś)|note:Zazwyczaj używane tylko w dialekcie pustynnym. Patrz {on}. Wykorzystywane w związkach frazeologicznych.
a͞edar|ˈaɛ.dar|n|półtora
a͞u|ˈau|part|,,z'' lub ,,o''
abara|ˈa.ba.ra|n|pl:abarji ˈa.bar.ʐi|fem|góra, szczyt
abe|ˈa.bɛ|part|ale
achuke|ˈa.t͡ʂu.kɛ|n|pl:achukos ˈa.t͡ʂu.kɔs|fem:achuka ˈa.t͡ʂu.ka|mityczna istota, ,,posłaniec'', luźny odpowiednik anioła|note:Stosowany współcześnie jako ogólne określenie dobrych i złych duchów, demonów i aniołów i innych istot tego typu.
ad́aki|a.ˈda.ki|v|pst:ad́ak a.ˈdak|zamykać
ad́ako|a.ˈda.kɔ|adj|zamknięty
agea|ˈa.gɛ.a|n|pl:ageji ˈa.gɛ.ʐi|fem|sałata
ager|ˈa.gɛr|n|pl:agejos a.gɛ.ʐɔs|teren, terytorium, kraj
agerer|ˈa.gɛ.rɛr|n|pl:agereros ˈa.gɛ.rɛ.rɔs|fem:agerera ˈa.gɛ.rɛ.ra|obywatel
agun|ˈa.gun|n|pl:agunos ˈa.gu.nɔs|wybrzeże
aguna|ˈa.gu.na|n|pl:agunaji ˈa.gu.na.ʐi|fem|plaża
ah́emi|a.ˈxɛ.mi|v|pst:ah́em ˈa.xɛm|przepraszać|note:Stosowany również jako dosłowne ,,przepraszam''.
aḱajami|a.ˈka.ʐa.mi|v|pst:aḱajamat a.ˈka.ʐa.mat|przebaczać
akaro|ˈa.ka.rɔ|adj|czerwony|note:W niektórych dialektach akcent jest kładziony na drugą sylabę (aḱaro [a.ˈka.rɔ]) w przymiotniku i na pierwszą w rzeczowniku.
akaro|ˈa.ka.rɔ|n|czerwień
aḱu͞a|a.ˈkua|n|pl:aḱu͞aji a.ˈkua.ʐi|fem|woda
aḱu͞ame|a.ˈkua.mɛ|n|pl:aḱu͞ameji a.ˈkua.mɛ.ʐi|fem|deszcz
aḱumar|a.ˈku.mar|n|pl:aḱumaros a.ˈku.ma.rɔs|rzeka
alha|ˈal.xa|n|pl:alhaji ˈal.xa.ʐi|fem|wartość
ali|ˈa.li|part|ile
alima|ˈa.li.ma|n|pl:alimji ˈa.lim.ʐi|fem|pierś
aliona|ˈa.li.ɔ.na|n|pl:alionji ˈa.li.ɔn.ʐi|fem|rada
aloser|ˈa.lɔ.sɛr|n|pl:aloseros ˈa.lɔ.sɛ.rɔs|źródło
alt́arevi|al.ˈta.rɛ.vi|n|pl:alt́arevis al.ˈta.rɛ.vis|alternatywa, opcja
altur|ˈal.tur|n|pl:alturos ˈal.tu.rɔs|hałas
alturi|ˈal.tu.ri|v|pst:altur ˈal.tur|hałasować
alye|ˈal.jɛ|n|pl:alyes ˈal.jɛs|fem:alya ˈal.ja|przyjaciel, przyjaciółka
aḿachager|a.ˈma.t͡ʂa.gɛr|n|pl:aḿachageros a.ˈma.t͡ʂa.gɛ.rɔs|fem:aḿachagera a.ˈma.t͡ʂa.gɛ.ra|kochanek, kochanka|note:Używane tylko w~kontekście seksualnym. W~miłości romantycznej patrz {koóler}.
aḿachagi|a.ˈma.t͡ʂa.gi|v|pst:aḿachaget a.ˈma.t͡ʂa.gɛt|przesypiać, przespać; {aḿachagi a} -- przespać się z~kimś; {aḿachagi chu} -- przespać coś (np. jakieś wydarzenie)
aḿaridi|a.ˈma.ri.di|v|pst:aḿarit a.ˈma.rit|przemieszczać
amde|ˈam.dɛ|adj|supl:amdem ˈam.dɛm|comp:amde͞a ˈam.dɛa|prosty, łatwy|note:Może również być wykorzystane jako rzeczownik oznaczający prostą drogę.
aḿiko|a.ˈmi.kɔ|adj|przeziębiony, przechłodzony
aḿiko|a.ˈmi.kɔ|n|przeziębienie
amimer|ˈa.mi.mɛr|adj|sławny
an|ˈan|part|nad, ponad (czymś)
ańakta|a.ˈnak.ta|n|pl:ańaktoji a.ˈnak.tɔ.ʐi|fem|sytuacja
anis|ˈa.nis|part|prawie
anko|ˈan.kɔ|part|jeszcze
anper|ˈan.pɛr|adj|supl:anperem ˈan.pɛ.rɛm|comp:anpere ˈan.pɛ.rɛ|mokry
anpi|ˈan.pi|v|pst:anpit ˈan.pit|pluć
antoi|ˈan.tɔ.i|v|pst:antot ˈan.tɔt|pachnieć
antrom|ˈan.trɔm|n|pl:antromos ˈan.trɔ.mɔs|jaskinia
anvi|ˈan.vi|v|pst:anvot ˈan.vɔt|woleć, preferować
anwer|ˈan.wɛr|n|pl:anweros ˈan.wɛ.rɔs|fem:anwera ˈan.wɛ.ra|wybraniec
anwi|ˈan.wi|v|pst:anwot ˈan.wɔt|wybierać
apim|ˈa.pim|n|pl:apimis ˈa.pi.mis|fem:apima ˈa.pi.ma|jednostka miary, jednostka w~wojsku, pojedyńcza rzecz
archit|ˈar.t͡ʂit|n|pl:architji ˈar.t͡ʂit.ʐi|fem:archita ˈar.t͡ʂi.ta|przodek
ardo|ˈar.dɔ|adj|supl:ardo͞em ˈar.dɔɛm|comp:ardo͞e ˈar.dɔɛ|wysoki, wysoko, górny
ared|ˈa.rɛd|n|fem|góra (kierunek)
ari|ˈa.ri|n|niebo
aribant|ˈa.ri.baŋt|n|pl:aribanji ˈa.ri.ban.ʐi|tęcza
ariunhika|ˈa.ri.un.xi.ka|n|pl:ariunhikiji ˈa.ri.un.xi.ki.ʐi|asteroida
arḱami|ar.ˈka.mi|v|pst:arḱam ar.ˈkam|rozkazywać
arḱamo|ar.ˈka.mɔ|adj|rozkazujący
armed|ˈar.mɛd|n|pl:armedos ˈar.mɛ.dɔs|kamień
arśit|ar.ˈsit|n|pl:arśiji ar.ˈsi.ʐi|fem:arśita ar.ˈsi.ta|ojciec, rodzic, matka|note:Jako ,,matka'' i~,,ojciec'' używane najczęściej w~odniesieniu nie do biologicznego rodzica, gdzie używa się określeń {vapal} oraz {natali͞a}. Używane między innymi w~odniesieniu do rodziców adoptowanych lub postaci religijnych, np. bogów.
arśiti|ar.ˈsi.ti|v|pst:arśitit ar.ˈsi.tit|opiekować się
arso|ˈar.sɔ|adj|błękitny, jasnoniebieski
arso|ˈar.sɔ|n|błękit, kolor słonecznego nieba
aruj́ar|a.ru.ˈʐar|n|pl:aruj́aros a.ru.ˈja.rɔs|fem:aruj́ara a.ru.ˈja.ra|szlachcic
arýer|ar.ˈjɛr|n|piach, piasek
aśeysi|a.ˈsɛj.si|v|pst:aśet a.ˈsɛt|przesiadać
aspen|ˈas.pɛn|n|pl:aspenji as.pɛn.ʐi|moździerz
aśtopi|a.ˈstɔ.pi|v|pst:aśtot a.ˈstɔt|przestawać, zatrzymywać
ati|ˈa.ti|adj|pierwszy, pierwsze
avek|ˈa.vɛk|adj|przestarzały
av́eyrali|a.ˈvɛj.ra.li|v|pst:av́eyralit a.ˈvɛj.ra.lit|przegapić|note:Używane w~kontekście, że podmiot tak skupiał się na czymś, że umknął mu pewien ważny fakt.
avi|ˈa.vi|v|pst:afit ˈa.fit|mieć
ayro|ˈaj.rɔ|adj|zielony
ayro|ˈaj.rɔ|n|zieleń
aysi|ˈaj.si|n|pl:aysiji ˈaj.si.ʐi|znamię, znak
aysi|ˈaj.si|v|pst:aysit ˈaj.sit|oznaczyć, naznaczyć
azo|ˈa.zɔ|part|także
baaji|ˈba.a.ʐi|v|pst:baajet ˈba.a.ʐɛt|beczeć (owca)|note:Słowo to stanowi jeden z~nielicznych wyjątków, kiedy przy rozziewie <aa> akcent jest nadal na pierwszą sylabę.
baán|ba.ˈan|n|pl:baániji ba.ˈa.ni.ʐi|czas; {vek baán} -- stare czasy, dawne dzieje, {vek vek baán} -- dawno, dawno, temu
bajeker|ˈba.ʐɛ.kɛr|n|pl:bajekeros ˈba.ʐɛ.kɛ.rɔs|obcy ludzie, inni ludzie
bajeko|ˈba.ʐɛ.kɔ|adj|supl:bajeke͞am ˈba.ʐɛ.kɛam|comp:bajeke͞a ˈba.ʐɛ.kɛa|inny, obcy
bakizo|ˈba.ki.zɔ|adj|następny, kolejny
baljeji|ˈbal.ʐɛ.ʐi|v|pst:baljejet ˈbal.ʐɛ.jɛt|otrzymać, otrzymywać, dostawać
ban|ˈban|n|pl:bani ˈba.ni|odpowiednik sekundy, ok. 0,45 sekundy|note:Używane również jako krótki odcinek czasu: ,,chwila'', ,,moment'', ,,chwilka''.
bar|ˈbar|n|pl:baros ˈba.rɔs|odległość ramion ludzkich -- starodawna jednostka miar
bara|ˈba.ra|n|pl:baraji ˈba.ra.ʐi|fem|róża
bargul|ˈbar.gul|n|pl:barguji ˈbar.gu.ʐi|rodzaj potrawy z ciasta wypełnionego nadzieniem; pierogi|note:Patrz też: {hitler}. Potrawy te różnią się pochodzeniem i możliwymi farszami - w przypadku {bargul} częściej stosowane były farsze słodkie niż słone. Obecnie zatarła się jednak różnica pomiędzy tymi określeniami.
bayor|ˈba.jɔr|n|pl:bayoros ˈba.jɔ.rɔs|robak
beísta|bɛ.ˈi.sta|n|pl:beístos bɛ.ˈi.stɔs|fem|bestia
bejet́i|bɛ.ʐɛ.ˈti|v|pst:bejet ˈbɛ.ʐɛt|trwać
beleti|ˈbɛ.lɛ.ti|v|pst:blet ˈblɛt|gadać, plotkować
beúsma|bɛ.ˈus.ma|n|fem|pl:beúsmiji bɛ.ˈus.mi.ʐi|legenda
beúsmo|bɛ.ˈus.mɔ|adj|legendarny
bev́an|bɛ.ˈvan|n|pl:bev́anos bɛ.ˈva.nɔs|nasienie
bevetsi|ˈbɛ.vɛt.si|v|pst:bevetsit ˈbɛ.vɛt.sit|motywować
bevetsito|ˈbɛ.vɛt.si.tɔ|adj|zmoty\-wowany
bevetso|ˈbɛ.vɛt.sɔ|adj|motywujący
beykar|ˈbɛj.kar|n|pl:beykaros ˈbɛj.ka.rɔs|wąż, gad|note:W tym samym konktekście można spotkać również słowo {hebo}.
bezena|ˈbɛ.zɛ.na|n|pl:bezenji ˈbɛ.zɛn.ʐi|fem|pewność
bezeni|ˈbɛ.zɛ.ni|v|pst:bezent ˈbɛ.zɛŋt|zapewniać
biri|ˈbi.ri|v|pst:birit ˈbi.rit|moczyć
bloy|ˈblɔj|n|krew
bo͞ar|ˈbɔ.ar|n|pl:boars ˈbɔ.a.rɔs|ręka
bochada|ˈbɔ.t͡ʂa.da|n|fem|nadzieja
bodarga|ˈbɔ.dar.ga|n|pl:bodargiji ˈbɔ.dar.gi.ʐi|fem|żołądek
boluka|ˈbɔ.lu.ka|n|pl:bolukaji ˈbɔ.lu.ka.ʐi|fem|oddział wojskowy, pułk (obecnie: odpowiednik ziemskiego pułku, tj. około 1000 żołnierzy)
boso|ˈbɔ.sɔ|adj|nagi, rozebrany
bove|ˈbɔ.vɛ|n|pl:bovos ˈbɔ.vɔs|chłopiec
bowa|ˈbɔ.wa|n|pl:bowaji ˈbɔ.wa.ʐi|fem|jajo, jajko
brasi|ˈbra.si|v|pst:brasit ˈbra.sit|kupić, kupować
brat|ˈbrat|n|pl:bratos ˈbra.tɔs|brat
brateva|ˈbra.tɛ.va|n|pl:bratevaji ˈbra.tɛ.va.ʐi|fem|kompania wojskowa, (obecnie: zgrupowanie wojskowe około 500 ludzi)
bucho|ˈbu.t͡ʂɔ|n|wola
budar|ˈbu.dar|n|okrucieństwo
budaro|ˈbu.da.rɔ|adj|supl:budare͞am ˈbu.da.rɛam|comp:budare͞a ˈbu.da.rɛa|okrutny
bugi|ˈbu.gi|v|pst:buget ˈbu.gɛt|leżeć, kłaść; również w stosunku do miejsc i budynków|note:W formie czasu przeszłego w~starych tekstach można również spotkać {bukt} oraz {bugt}, czasami używane w~nieformalnym języku.
buruku|ˈbu.ru.ku|n|pl:burukos ˈbu.ru.kɔs|biuro
buso|ˈbu.sɔ|n|fem|pl:buse ˈbu.sɛ|podstawa
busola|ˈbu.sɔ.la|n|fem|pl:busoleji ˈbu.sɔ.lɛ.ʐi|baza
buut|ˈbu.ut|n|pl:buutji ˈbu.ut.ʐi|głowa
cha|ˈt͡ʂa|n|sześć, szóstka
chabara|ˈt͡ʂa.ba.ra|n|pl:chabaros ˈt͡ʂa.ba.rɔs|fem|szyja
chalebe|ˈt͡ʂa.lɛ.bɛ|n|pl:chalebos ˈt͡ʂa.lɛ.bɔs|wieczór
chanche|ˈt͡ʂan.t͡ʂɛ|n|pl:chanches ˈt͡ʂan.t͡ʂɛs|fem:chancha ˈt͡ʂan.t͡ʂa|dziadek, babcia|note:Najczęściej używane jako zdrobnienie w~języku potocznym i~nieformalnym.
chanet|ˈt͡ʂa.nɛt|part|zarówno, również
chant|ˈt͡ʂaŋt|adj|równy
chantui|ˈt͡ʂan.tu.i|v|pst:chantut ˈt͡ʂan.tut|porównywać
char|ˈt͡ʂar|n|pl:charji ˈt͡ʂar.ʐi|dar|note:{oraichar} oznacza dosłownie dar bogów, błogosławieństwo, natomiast {kayćhar} oznacza dar nocy, przekleństwo.
chase|ˈt͡ʂa.sɛ|adj|supl:chase͞am ˈt͡ʂa.sɛam|comp:chase͞a ˈt͡ʂa.sɛa|niski
chati|ˈt͡ʂa.ti|adj|szósty
chaweri|ˈt͡ʂa.wɛ.ri|v|pst:chawerit ˈt͡ʂa.wɛ.rit|dziać (się)
che|ˈt͡ʂɛ|part|to|note:{che} może być stosowany jako zaimek, ale wyłącznie do obiektów nieożywionych; {che recha} -- to wszystko, tylko tyle, to i~już, nic więcej
cheí|t͡ʂɛ.ˈi|pro|te rzeczy
chelika|ˈt͡ʂɛ.li.ka|n|fem|litość
cheliko|ˈt͡ʂɛ.li.kɔ|adj|litościwy
chelikokone|ˈt͡ʂɛ.li.kɔ.kɔ.nɛ|adj|bezlitosny|note:Jedno ze słów, które można stworzyć poprzez dodanie suffiksu -kone do przymiotnika.
cheri|ˈt͡ʂɛ.ri|v|pst:cherit ˈt͡ʂɛ.rit|jeździć, jechać
cheryot|ˈt͡ʂɛr.jɔt|n|pl:cheryotos ˈt͡ʂɛr.jɔ.tɔs|pojazd
chet|ˈt͡ʂɛt|part|tutaj
chetna|ˈt͡ʂɛt.na|n|pl:chetiji ˈt͡ʂɛ.ti.ʐi|fem|czoło
chetni|ˈt͡ʂɛt.ni|v|pst:chetnit ˈt͡ʂɛt.nit|stawić czoło, przeciwstawić się, pokonać przeszkodę, pokonywać przeszkody|note:Można również stosować {varsi onvojibo} -- stanąć naprzeciw.
chey|ˈt͡ʂɛj|pro|należące do (tych rzeczy)
chicho|ˈt͡ʂi.t͡ʂɔ|n|pl:chichos ˈt͡ʂi.t͡ʂɔs|poziomka
chid|ˈt͡ʂid|adj|supl:chidem ˈt͡ʂi.dɛm|comp:chide ˈt͡ʂi.dɛ|szybki
chidi|ˈt͡ʂi.di|v|pst:chidit ˈt͡ʂi.dit|spieszyć się
chidirbi|ˈt͡ʂi.dir.bi|v|pst:chidirbit ˈt͡ʂi.dir.bit|wymiotować
chido|ˈt͡ʂi.dɔ|n|pl:chidos ˈt͡ʂi.dɔs|dziecko
chifaro|ˈt͡ʂi.fa.rɔ|adj|supl:chifarem ˈt͡ʂi.fa.rɛm|comp:chifare ˈt͡ʂi.fa.rɛ|młody
chikai|ˈt͡ʂi.ka.i|v|pst:chikat ˈt͡ʂi.kat|śmiać (się)
chivebo|ˈt͡ʂi.vɛ.bɔ|adj|biedny
chiwi|ˈt͡ʂi.wi|v|pst:chiwit ˈt͡ʂi.wit|pisać
chiwo|ˈt͡ʂi.dɔ|n|pl:chiwos ˈt͡ʂi.wɔs|pismo, zapiski
choester|ˈt͡ʂɔ.ɛs.tɛr|n|pl:choesterji ˈt͡ʂɔ.ɛs.tɛr.ʐi|czołg
choesti|ˈt͡ʂɔ.ɛs.ti|v|pst:choeset ˈt͡ʂɔ.ɛs.ɛt|czołgać (się)
choini|ˈt͡ʂɔ.i.ni|v|pst:choint ˈt͡ʂɔ.iŋt|stwierdzać autorytatywnie, uważać (że), potwierdzać
choinji|ˈt͡ʂɔ.in.ʐi|n|pl:choinjis ˈt͡ʂɔ.in.ʐis|potwierdzenie
choke|ˈt͡ʂɔ.kɛ|adj|supl:choke­­͞am ˈt͡ʂɔ.kɛam|comp:choke͞a ˈt͡ʂɔ.kɛa|miły
chu|ˈt͡ʂu|part|przez, który, z~powodu, dla|note:Używany również jako operator dopełnienia.
chu͞a|ˈt͡ʂua|part|która|note:Przestarzały. Operator dopełnienia dla rodzaju żeńskiego.
chu͞i|ˈt͡ʂui|part|który (liczebnikowo)
churche|ˈt͡ʂur.t͡ʂɛ|part|przez, via|note:Używany w~toastach, np. {churche ti} oznacza {za ciebie}, a~{churche Eygeride} to {za Cesarstwo}.
chutojer|ˈt͡ʂu.tɔ.ʐɛr|n|pl:chutojerji ˈt͡ʂu.tɔ.ʐɛr.ʐi|system, układ|note:Na przykład {Solyi chutojer} -- Układ Słoneczny.
chuwure|ˈt͡ʂu.wu.rɛ|n|pl:chuwuros ˈt͡ʂu.wu.rɔs|autobus
chyi|ˈt͡ʂʏ|part|czyj, kogo, czego|note:Również używany jako zaimek zwrotny ,,się''.
chyi|ˈt͡ʂʏ|pro|należący do tej rzeczy 3SG.GEN lub 3SG.POSS
dabeyo|ˈda.bɛ.jɔ|part|więcej
dachu|ˈda.t͡ʂu|part|mniej
dant|ˈdaŋt|n|pl:dantos ˈdaŋt.ɔs|penis
dari|ˈda.ri|v|pst:daret ˈda.rɛt|dawać
daze|ˈda.zɛ|n|pl:dazos ˈda.zɔs|usta
dazer|ˈda.zɛr|n|pl:dazeros ˈda.zɛ.rɔs|pocałunek
dazi|ˈda.zi|v|pst:dazit ˈda.zit|całować
dechu|ˈdɛ.t͡ʂu|part|tylko
dehuzer|ˈdɛ.xu.zɛr|n|pl:dehuzerji ˈdɛ.xu.zɛr.ʐi|fem:dehuzera ˈdɛ.xu.zɛ.ra|badacz
dehuzerida|ˈdɛ.xu.zɛ.ri.da|n|pl:dehuzeridji ˈdɛ.xu.zɛ.rid.ʐi|fem|laboratorium
dehuzi|ˈdɛ.xu.zi|v|pst:dehuzet ˈdɛ.xu.zɛt|badać
deíto|dɛ.ˈi.tɔ|n|pl:dej́itos dɛ.ˈʐi.tɔs|broń
deítokar|dɛ.ˈi.tɔ.kar|n|obrona
deítokari|dɛ.ˈi.tɔ.ka.ri|v|pst:deítokar dɛ.ˈi.tɔ.kar|bronić
dejesu|ˈdɛ.jɛ.su|n|jelec
deki|ˈdɛ.ki|v|pst:dekit ˈdɛ.kit|decydować
deku|ˈdɛ.ku|n|pl:dekji ˈdɛk.ʐi|decyzja
demet|ˈdɛ.mɛt|n|pl:demetos ˈdɛ.mɛ.tɔs|robak
desaho|ˈdɛ.sa.xɔ|adj|specjalny
desvi|ˈdɛs.vi|v|pst:desvit ˈdɛs.vit|rosnąć
di͞amant|ˈdia.maŋt|n|pl:diamantijis ˈdi.a.maŋt.i.ʐis|diament
diía|di.ˈi.a|n|pl:diíji di.ˈi.ʐi|fem|chmura
diosa|ˈdi.ɔ.sa|n|pl:dioji ˈdi.ɔ.ʐi|fem|bitwa
dioseva|ˈdi.ɔ.sɛ.va|n|pl:diosevaji ˈdi.ɔ.sɛ.va.ʐi|fem|batalion
diras|ˈdi.ras|n|seks, stosunek seksualny
diter|ˈdi.tɛr|part|tam
divai|ˈdi.va.i|v|pst:divat ˈdi.vat|operować, używać czegoś, kierować czymś
divayer|ˈdi.va.jɛr|n|pl:divayeros ˈdi.va.jɛ.rɔs|fem:divayera ˈdi.va.jɛ.ra|operator, użytkownik, kierowca
diyu|ˈdi.ju|part|coś
do|ˈdɔ|part|partykuła -- operator trybu rozkazującego, patrz też {hemi}
doevi|ˈdɔ.ɛ.vi|v|pst:do͞evit ˈdɔɛ.vit|skrzypieć
doevo|ˈdɔ.ɛ.vɔ|adj|skrzypiący
doki|ˈdɔ.ki|n|pl:dokiji ˈdɔ.ki.ʐi|miecz|note:Dawniej: broń w~ogólności.
dokofa|ˈdɔ.kɔ.fa|n|waga
dokofe|ˈdɔ.kɔ.fɛ|adj|supl:dokofe͞am ˈdɔ.kɔ.fɛam|comp:dokofe͞a ˈdɔ.kɔ.fɛa|ciężki
doloze|ˈdɔ.lɔ.zɛ|n|pl:dolozeji ˈdɔ.lɔ.zɛ.ʐi|wzrost
dolozi|ˈdɔ.lɔ.zi|v|pst:dolozet ˈdɔ.lɔ.zɛt|wzrastać
domi|ˈdɔ.mi|v|pst:domit ˈdɔ.mit|szeptać
doroos|ˈdɔ.rɔ.ɔs|n|pl:doroosi ˈdɔ.rɔ.ɔ.si|hipopotam
dotjoda|ˈdɔt.ʐɔ.da|n|fem|mydło
douge|ˈdɔ.u.gɛ|n|pl:doukos ˈdɔ.u.kɔs|dąb
dowo|ˈdɔ.wɔ|adj|supl:dowoam ˈdɔ.wɔam|comp:dowo͞a ˈdɔ.wɔa|pełny
dozo|ˈdɔ.zɔ|adj|supl:doze͞am ˈdɔ.zɛam|comp:doze͞a ˈdɔ.zɛa|brudny
drebi|ˈdrɛ.bi|v|pst:dret ˈdrɛt|rozdrabniać, kruszyć
du͞ener|ˈduɛ.nɛr|n|pl:du͞eneros ˈduɛ.nɛ.rɔs|fem:ˈdu͞enera duɛ.nɛ.ra|tchórz
dyet|ˈdjɛt|part|za
e|ˈɛ|part|,,i'' lub ,,oraz''
e͞a|ˈɛa|part|formalny zwrot określający odbiorcę -- ,,proszę pana'' lub ,,proszę pani''|note:Używany również jako forma grzecznego zwrócenia uwagi -- ,,przepraszam pana''.
e͞iger|ˈɛi.gɛr|n|pl:e͞igeros ˈɛi.gɛ.rɔs|fem:e͞igera ɛi.gɛ.ra|cesarz
e͞igeride|ˈɛi.gɛ.ri.dɛ|n|pl:e͞igerides ˈɛi.gɛ.ri.dɛs|cesarstwo, imperium
echo|ˈɛ.t͡ʂɔ|n|pl:echos ˈɛ.t͡ʂɔs|echo
edihi|ˈɛ.di.xi|v|pst:edihit ˈɛ.di.xit|spotykać
egi|ˈɛ.gi|pro|on, ona 3SG
egla|ˈɛ.gla|pro|ona 3SG-FEM
egli|ˈɛ.gli|pro|on 3SG
ego͞i|ˈɛ.gɔi|pro|oni, one 3PL
egyi|ˈɛ.gʏ|pro|ich, ichnie 3PL.GEN lub 3SG.POSS
ekenin|ˈɛ.kɛ.nin|n|pl:ekenos ˈɛ.kɛ.nɔs|odkrycie (naukowe), wniosek
elazi|ˈɛ.la.zi|v|pst:elazit ˈɛ.la.zit|posiadać
elĺa|ɛl.ˈla|part|serio, doprawdy|note:Również używane z~niedowierzaniem i~strachem, w~odniesieniu do czynności której nie zamierza się wykonać.
eḿarudo|ɛ.ˈma.ru.dɔ|adj|szmaragdowy
eḿarudo|ɛ.ˈma.ru.dɔ|n|pl:emarudojis ˈɛ.ma.ru.dɔ.ʐis|szmaragd, kolor szmaragdowy
eni|ˈɛ.ni|v|pst:ent ˈɛŋt|iść, chodzić
entepi|ˈɛn.tɛ.pi|v|pst:entepit ˈɛŋt.ɛ.pit|ruszać
entepo|ˈɛn.tɛ.pɔ|adj|ruchomy, ruszający się
epadot|ˈɛ.pa.dɔt|n|pl:epadotos ˈɛ.pa.dɔ.tɔs|karabin
epi|ˈɛ.pi|v|pst:epit ˈɛ.pit|móc, {epi rori} -- wydawać się
epiá|ɛ.pi.ˈa|pro|pani (ona)
epié|ɛ.pi.ˈɛ|pro|pan (on)|note:Zaimki epié oraz epiá są bardzo formalne. Używa się ich tylko w~języku formalnym, w odniesieniu do obcych osób albo osób stojących wyżej w~hierarchii, albo w~sytuacji, kiedy nie znamy imienia osoby, do której chcemy się zwrócić. Mogą być używane zarówno jako 3SG, jak i~2SG. W~niektórych dialektach stosowane również jako przyrostki, w szczególności do funkcji np. {falazer-epié} -- ,,pan dowódca''.|note:Uwaga: zaimków tych nie stosuje się w~powszechnej mowie w~niektórych regionach Republiki Nennek.
epil|ˈɛ.pil|pro|pana, pani, pański
erchigu|ˈɛr.t͡ʂi.gu|n|pl:erchigus ˈɛr.t͡ʂi.gus|fem:erchiga ˈɛr.t͡ʂi.ga|prezes, prezydent, (nieformalnie) szef|note:Prezydent kraju (związkowego) to {agaryierchigu}.
erokwa|ˈɛ.rɔk.wa|n|fem|pl:erokwaji ɛ.rɔk.wa.ʐi|kura, kurczak
erokwyirome|ˈɛ.rɔk.wʏ.rɔ.mɛ|n|pl:erokwyiromes ɛ.rɔk.wʏ.rɔ.mɛs|drób, mięso z kurczaka
eshu|ˈɛs.xu|n|pl:eshus ˈɛs.xus|drzwi
esi|ˈɛ.si|v|pst:est ˈɛ.sɛt|być; {esi gir on} -- być złym na coś, kogoś
espero|ˈɛs.pɛ.rɔ|n|pl:esperos ˈɛs.pɛ.rɔs|miasto
eswai|ˈɛs.wa.i|v|pst:eswat ˈɛs.wat|wrzeszczeć
eveni|ˈɛ.vɛ.ni|part|każdy
ey|ˈɛj|part|nieformalny zwrot określający odbiorcę -- ej, ty!
eygepa|ˈɛj.gɛ.pa|adj|cesarski
ezi|ˈɛ.zi|v|pst:ezet ɛ.zɛt|ściśle nieformalny czasownik domyślny -- oznacza ,,zrób to, co się z tym robi'', czynność jest rozpoznawana na podstawie kontekstu wypowiedzi|note:{Ezi} występuje praktycznie tylko w dialekcie pustynnym, a i tam bardzo rzadko.
faája|fa.ˈa.ʐa|n|pl:faájis fa.ˈa.ʐis|fem|ładunek
fahojo|ˈfa.xɔ.ʐɔ|adj|supl:fahojem ˈfa.xɔ.ʐɛm|comp:fahoje ˈfa.xɔ.ʐɛ|głośny
fajer|ˈfa.ʐɛr|n|pl:faji ˈfa.ʐi|zwierzę
falarzo|ˈfa.lar.zɔ|n|pl:falarzos ˈfa.lar.zɔs|dowództwo
falazer|ˈfa.la.zɛr|n|pl:falazeros ˈfa.la.zɛr.ɔs|fem:falzera ˈfal.zɛ.ra|dowódca
falazeya|ˈfa.la.zɛ.ja|n|pl:falazeyaji ˈfa.la.zɛ.ja.ʐi|fem|pluton (wojskowy), (obecnie: odpowiednik plutonu, tj. około 25 ludzi)
falazi|ˈfa.la.zi|v|pst:falazet ˈfa.la.zɛt|dowodzić
falazo|ˈfa.la.zɔ|adj|dowodzący
faliko|ˈfa.li.kɔ|adj|supl:falike͞am ˈfa.li.kɛam|comp:falike͞a ˈfa.li.kɛa|spokojny
famei|ˈfa.mɛ.i|v|pst:famet ˈfa.mɛt|znaczyć (mieć znaczenie)
famet|ˈfa.mɛt|n|znaczenie
farapak|ˈfa.ra.pak|n|pl:farapakos fa.ra.pa.kɔs|kapusta
fari|ˈfa.ri|v|pst:faret ˈfa.rɛt|robić, pracować
faro|ˈfa.rɔ|adj|działający, pracujący, operacyjny
farta|ˈfar.ta|n|pl:farteji ˈfar.tɛ.ʐi|fem|praca (pejoratywnie), robota
fasso|ˈfas.sɔ|adj|brązowy
fasso|ˈfas.sɔ|n|kolor brązowy
fatabey|ˈfa.ta.bɛj|n|pl:fatabeyos ˈfa.ta.bɛ.jɔs|serce
fays|ˈfaj.sɔ|adj|pijany
faysi|ˈfaj.si|v|pst:faysit ˈfaj.sit|pić
feban|ˈfɛ.ban|part|podczas
fehaset|ˈfɛ.xa.sɛt|n|pl:fehaseji ˈfɛ.xa.sɛ.ʐi|pościg
fehaseto|ˈfɛ.xa.sɛ.tɔ|adj|ścigany
fehasi|ˈfɛ.xa.si|v|pst:fehasit ˈfɛ.xa.sit|ścigać
felivya|ˈfɛ.li.vja|n|fem|pl:felivyas ˈfɛ.li.vjas|zwycięstwo
feliwi|ˈfɛ.li.wi|v|pst:feliwit ˈfɛ.li.wit|zwyciężać, zwyciężyć, {feliwi a} -- zwyciężać kogoś
feni|ˈfɛ.ni|v|pst:fenit ˈfɛ.nit|pływać
fesgai|ˈfɛs.ga.i|v|pst:fesgat ˈfɛs.gat|czytać
feśidara|fɛ.ˈsi.da.ra|n|pl:feśidarji fɛ.ˈsi.dar.ʐi|fem|obecność
feśidari|fɛ.ˈsi.da.ri|v|pst:feśidaret fɛ.ˈsi.da.rɛt|być obecnym
fida|ˈfi.da|adj|supl:fide͞am ˈfi.dɛam|comp:fide͞a ˈfi.dɛa|wierny
fideye|ˈfi.dɛ.jɛ|adj|supl:fideye͞am ˈfi.dɛ.jɛam|comp:fideye͞a ˈfi.dɛ.jɛa|lekki
filacha|ˈfi.la.t͡ʂa|n|fem|pl:filachaji fi.la.t͡ʂa.ʐi|orzech, orzeszek
filet|ˈfi.lɛt|n|pl:filetos ˈfi.lɛ.tɔs|pole
filu͞a|ˈfi.lua|n|fem|torba, walizka, opakowanie
finti|ˈfin.ti|v|pst:fint ˈfiŋt|szukać|note:{vi finti} -- szukać w przyszłości (niedokonany), {va finti} -- znaleźć w przyszłości
flo|ˈflɔ|n|pl:flos ˈflɔs|kwiat
fo|ˈfɔ|part|dla (kogoś); {fo tyi lipet} -- dla twojego dobra
fok|ˈfɔk|n|pl:fokos ˈfɔ.kɔs|nazwa drobnej waluty używanej w Cesarstwie, ,,grosz''
for|ˈfɔr|n|pl:foros ˈfɔ.rɔs|nazwa waluty używanej w Cesarstwie, ,,złoty''|note:Etymologia tego słowa jest jasna -- pochodzi od {forn}, czyli faktycznie oznacza ,,złoty''. Symbolem waluty Cesarstwa używanym w transkrypcji jest {Ƒ}.
fori|ˈfɔ.ri|v|pst:forit ˈfɔ.rit|płacić, {fori fo} -- płacić za kogoś lub za coś, {fori o} -- płacić komuś
forn|ˈfɔrn|n|złoto
fozeni|ˈfɔ.zɛ.ni|v|pst:fozenit ˈfɔ.zɛ.nit|pożyczać, pożyczyć|note:Używa się kolejności osoba-przedmiot, więc {mi va fozenit ti myi loesa} to ,,ja pożyczyłem ci moją lalkę'', ale {mi va fozenit mi loesa} ,,pożyczyłem lalkę od kogoś'', {mi va fozenit myi loesa} ,,pożyczyłem komuś lalkę''.
fozenya|ˈfɔ.zɛn.ja|n|pl:fozeniji ˈfɔ.zɛ.ni.ʐi|fem|pożyczka (np. pieniężna), kredyt
friti|ˈfri.ti|v|pst:frit ˈfrit|świecić, płonąć
furet|ˈfu.rɛt|n|pl:furetos ˈfu.rɛ.tɔs|wicher
futomamerey|ˈfu.tɔ.ma.mɛ.rɛj|n|pl:futomamereyos ˈfu.tɔ.ma.mɛ.rɛ.jɔs|poduszkowiec
futon|ˈfu.tɔn|n|pl:futonji ˈfu.tɔn.ʐi|wiatr
gam|ˈgam|pro|przyimek używany jako suffiks określający kogoś wyżej w hierarchii
gasoma|ˈga.sɔ.ma|n|pl:gasomas ga.sɔ.mas|fasola
ge|ˈgɛ|part|partykuła -- operator strony biernej
gen|ˈgɛn|n|świt|note:W niektórych dialektach przyjmuje formę {ghen}, wymawianą przez aspirację g.
geoli|ˈgɛ.ɔ.li|v|pst:geolit ˈgɛ.ɔ.lit|pilnować
geolo|ˈgɛ.ɔ.lɔ|n|pl:geolos ˈgɛ.ɔ.lɔs|straż
geolor|ˈgɛ.ɔ.lɔr|n|pl:geoloros ˈgɛ.ɔ.lɔ.rɔs|fem:geolora ˈgɛ.ɔ.lɔ.ra|strażnik
gepita|ˈgɛ.pi.ta|n|pl:gepitaji ˈgɛ.pi.ta.ʐi|fem|okropność
gepito|ˈgɛ.pi.tɔ|adj|supl:gepite͞am ˈgɛ.pi.tɛam|comp:gepite͞a ˈgɛ.pi.tɛa|okropny, ohydny
gepo|ˈgɛ.pɔ|adj|supl:gepem ˈgɛ.pɛm|comp:gepe ˈgɛ.pɛ|wolny, powolny
gesbita|ˈgɛs.bi.ta|n|pl:gesbitaji ˈgɛs.bi.ta.ʐi|fem|choroba
gesbiti|ˈgɛs.bi.ti|v|pst:gesbit ˈgɛs.bit|chorować
get|ˈgɛt|part|od
getumi|ˈgɛ.tu.mi|v|pst:getum ˈgɛ.tum|poddać
getumiro|ˈgɛ.tu.mi.rɔ|n|pl:getumiros ˈgɛ.tu.mi.rɔs|fem:getumira ˈgɛ.tu.mi.ra|poddany, np. poddany króla
getumiro|ˈgɛ.tu.mi.rɔ|adj|poddany, np. poddany zamek wrogom
gir|ˈgir|adj|zły, zepsuty, źle
girefari|ˈgi.rɛ.fa.ri|v|pst:girefaret ˈgi.rɛ.fa.rɛt|psuć, uszkadzać
girite|ˈgi.ri.tɛ|n|pl:gititos ˈgi.ri.tɔs|pozdrowienia
giriti|ˈgi.ri.ti|v|pst:girit ˈgi.rit|pozdrawiać
girzuta|ˈgir.zu.ta|n|fem|pl:girzutaji gir.zu.ta.ʐi|sałatka
gont|ˈgɔŋt|n|pl:gontos ˈgɔŋt.ɔs|duch, dusza
graku͞a|ˈgra.kua|n|pl:grakuji ˈgra.ku.ʐi|fem|morze
grama|ˈgra.ma|n|pl:gramajis ˈgra.ma.ʐis|fem|trawa
gruchan|ˈgru.t͡ʂan|n|pl:gruchos ˈgru.t͡ʂɔs|fem:gruchana ˈgru.t͡ʂa.na|dziadek, babcia|note:Bardziej formalne. Patrz również {chanche}.
gruwe|ˈgru.wɛ|adj|supl:gruwe͞am ˈgru.wɛam|comp:gruwe͞a ˈgru.wɛa|duży, wielki, olbrzymi|note:W niektórych dialektach najwyższy stopień to {gruwa}.
gufedo|ˈgu.fɛ.dɔ|adj|supl:gufede͞om ˈgu.fɛ.dɛɔm|comp:gufede͞o ˈgu.fɛ.dɛɔ|brzydki
gunt|ˈguŋt|n|pl:guntji ˈguŋt.ʐi|śmiech
gusen|ˈgu.sɛn|n|pl:guseji ˈgu.sɛ.ʐi|tekst|note:Wyjątek: słowo zakończone {-i}, które nie jest czasownikiem.
gusta|ˈgu.sta|n|pl:gusteji ˈgu.stɛ.ʐi|fem|uciecha, szczęście
gusti|ˈgus.ti|v|pst:gust ˈgu.sɛt|cieszyć się; {gusti dyet} -- cieszyć się z~powodu czegoś
gusto|ˈgu.stɔ|adj|szczęśliwy
hallo͞i|ˈxal.lɔi|v|pst:hallot ˈxal.lɔt|chwalić
halloya|ˈxal.lɔ.ja|n|chwała, świętość
hawa|ˈxa.wa|n|szczek (psa)
hawi|ˈxa.wi|v|pst:hawet ˈxa.wɛt|szczekać
haye͞o|ˈxa.jɛɔ|n|pl:hayois ˈxa.jɔ.is|światło
he|ˈxɛ|part|tutaj|note:Przestarzałe. Patrz {chet}.
hede͞a|ˈxɛ.dɛa|n|pl:hedeji ˈxɛ.dɛ.ʐi|fem|armata
hedera|ˈxɛ.dɛ.ra|n|pl:hederji ˈxɛ.dɛr.ʐi|fem|armia, siły zbrojne|note:And́royasyi Hedera -- Armia And́royas
hemi|ˈxɛ.mi|part|partykuła -- operator trybu przypuszczająco-proszącego (ekshortatywnego) w zdaniu, patrz również {do}
hemi|ˈxɛ.mi|v|pst:hemet ˈxɛ.mɛt|prosić
henita|ˈxɛ.ni.ta|n|pl:henitas ˈxɛ.ni.tas|fem|stopa
hetay|ˈxɛ.taj|part|dzisiaj, dziś
hifara|ˈxi.fa.ra|n|pl:hifaras ˈxi.fa.ras|fem|plecy
hima|ˈxi.ma|n|pl:himji ˈxim.ʐi|fem|dziewczyna, panna, panienka|note:Dawniej także: księżniczka.
hinaja|ˈxi.na.ʐa|n|pl:hinaji ˈxi.na.ʐi|fem|kobieta, pani|note:Spotykana jest również forma {hinata}.
hirni|ˈxir.ni|v|pst:hirnet ˈxir.nɛt|produkować
hitache|ˈxi.ta.t͡ʂɛ|n|pl:hitachis ˈxi.ta.t͡ʂis|fotografia, zdjęcie
hitler|ˈxit.lɛr|n|pl:hitleji ˈxit.lɛ.ʐi|rodzaj potrawy z ciasta wypełnionego farszem; pierogi|note:{Hitler} robi się z ciasta makaronowego i wypełniane są nadzieniem zależnym od rejonu, z którego pochodzą. Mogą być pieczone, gotowane w wodzie, gotowane na parze lub smażone, najczęstszym farszem są ziemniaki, ser lub różne rodzaje i mieszanki mięs. {Hitler} wywodzą się z rejonu Betuli, ale od początku Cesarstwa stały się popularnym daniem na całym jego obszarze.|note:Z uwagi na konotacje tego słowa z nazwiskiem z historii Ziemi, można stosować zamiennie słowo {bargul}.
hojo|ˈxɔ.ʐɛ|adj|supl:hojem xɔ.ʐɛm|comp:hoje͞o xɔ.ʐɛ.ɔ|mało, mniej, najmniej
hu͞ekapa|ˈxuɛ.ka.pa|n|fem|komputer|note:Skrót. Patrz {hu͞erjikapatana}.
hu͞era|ˈxuɛ.ra|n|pl:hu͞erji ˈxuɛr.ʐi|fem|liczba, numer
hu͞eri|ˈxuɛ.ri|v|pst:hueret ˈxu.ɛ.rɛt|liczyć
hu͞erjikapatana|ˈxuɛr.ʐi.ka.pa.ta.na|n|pl:hu͞erjikapatanis ˈxuɛr.ʐi.ka.pa.ta.nis|fem|komputer|note:Dosłownie: liczby-maszyna. Jest to jedno z najdłuższych słów w języku andro i stąd najczęściej stosuje się skróconą formę, {hu͞ekapa}.
hu͞eva|ˈxuɛ.va|n|pl:hu͞evaji ˈxuɛ.va.ʐi|fem|ryba
huarn|ˈxu.arn|n|pl:huarneji ˈxu.ar.nɛ.ʐi|słowo
hufay|ˈxu.faj|n|pl:hufayos ˈxu.fa.jɔs|tłuszcz
huhu|ˈxu.xu|part|po
hukajek|ˈxu.ka.ʐɛk|n|pl:hukajos ˈxu.ka.ʐɔs|sposób
husawa|ˈxu.sa.wa|n|pl:husawaji ˈxu.sa.wa.ʐi|fem|prostytutka, kurwa|note:Wykorzystywane czasami również jako przekleństwo.
ib́iri|i.ˈbi.ri|v|pst:ib́irit i.ˈbi.rit|oddawać mocz, sikać
ichera|ˈi.t͡ʂɛ.ra|n|fem|krew
id́ak|i.ˈdak|n|pl:id́akos i.ˈda.kɔs|otwór
id́aki|i.ˈda.ki|v|pst:id́ak i.ˈdak|otwierać
id́ako|i.ˈda.kɔ|adj|otwarty
iéni|i.ˈɛ.ni|v|pst:iént i.ˈɛŋt|przychodzić, przybyć, przybywać; {iéni a͞u} -- pochodzić z
iényihuarn|i.ˈɛ.nʏ.xu.arn|n|pl:iényihuarneji i.ˈɛ.nʏ.xu.ar.nɛ.ʐi|hasło
if́ene|i.ˈfɛ.nɛ|n|pl:if́enes i.ˈfɛ.nɛs|przypływ
if́ener|i.ˈfɛ.nɛr|n|pl:if́eneros i.ˈfɛ.nɛ.rɔs|fem:if́enera i.ˈfɛ.nɛ.ra|pijak, pijany człowiek|note:Słowa związane z pijaństwem pochodzą ogólnie od słowa {if́ene}, przypływ, a pochodzą z określeń stosowanych do marynarzy.
if́eni|i.ˈfɛ.ni|v|pst:if́enit i.ˈfɛ.nit|przypływać
if́eno|i.ˈfɛ.nɔ|adj|pijany
if́enode|i.ˈfɛ.nɔ.dɛ|n|pijaństwo
ifrit|ˈi.frit|n|pl:ifritos ˈi.fri.tɔs|ogień
ifriti|ˈi.fri.ti|adj|ognisty, zapalający
if́riti|i.ˈfri.ti|v|pst:if́iret i.ˈfi.rɛt|zapalać, zaświecać
ihalfo|ˈi.xal.fɔ|adj|pomidorowy
ihalfu|ˈi.xal.fu|n|ihalfus i.xal.fus|pomidor
ih́emi|i.ˈxɛ.mi|v|pst:ih́emet i.ˈxɛ.mɛt|błagać
iḱoperi|i.ˈkɔ.pɛ.ri|v|pst:iḱoperet i.ˈkɔ.pɛ.rɛt|przykrywać
il|ˈil|pro|jego, jej 3SG.GEN lub 3SG.POSS
iḿaheyo|i.ˈma.xɛ.jɔ|adj|przyciągający, pociągający
iḿahi|i.ˈma.xi|v|pst:iḿahit i.ˈma.xit|przyciągać
iḿami|i.ˈma.mi|v|pst:iḿant i.ˈmaŋt|przynosić
imin|ˈi.min|part|bo, ponieważ
imṕigetin|im.ˈpi.gɛ.tin|n|pl:imṕigetos im.ˈpi.gɛ.tɔs|fem:imṕigeta im.ˈpi.gɛ.ta|służący
imṕigetira|im.ˈpi.gɛ.ti.ra|n|pl:imṕigetiros im.ˈpi.gɛ.ti.rɔs|fem|służba (np. utrzymania ruchu)
imṕigi|im.ˈpi.gi|v|pst:imṕigit im.ˈpi.git|służyć
imvi|ˈim.vi|v|pst:imvit ˈim.vit|bać (się)
imzitin|ˈim.zi.tin|n|pl:imzitiji ˈim.zi.ti.ʐi|prom (zarówno łódź, jak i~prom kosmiczny)
in|ˈin|part|w (czymś)
iner|ˈi.nɛr|n|pl:inerji ˈi.nɛr.ʐi|głos
ineri|ˈi.nɛ.ri|v|pst:inerit ˈi.nɛ.rit|głosić, ogłosić
ingeki|ˈin.gɛ.ki|v|pst:ingek ˈin.gɛk|czekać
init|ˈi.nit|n|pl:inji ˈin.ʐi|liść
inmeú|in.mɛ.ˈu|part|natychmiast|note:W niektórych dialektach używa się określenia {immeú} /im:.ɛ.ˈu/.
inra͞i|ˈin.rai|v|pst:inrat ˈin.rat|mówić|note:Dawniej, przede wszystkim w~dialekcie zachodnim, używane było bardzo często słowo {parlai}.
inrat|ˈin.rat|n|pl:inratji ˈin.rat.ʐi|mowa, język
insupe|ˈin.su.pɛ|n|pl:insupejos ˈin.su.pɛ.ʐɔs|inspektor
intay|ˈin.taj|part|w dniu
intrise|ˈin.tri.sɛ|adj|supl:intrise͞am ˈin.tri.sɛam|comp:intrise͞a ˈin.tri.sɛa|interesujące|note:Pochodzi od rdzenia {inret} z~przesunięciem, dosłownie ,,mówi się o tym, to jest ciekawe''.
inure|ˈi.nu.rɛ|adj|supl:inure͞am ˈi.nu.rɛam|comp:inure͞a ˈi.nu.rɛa|zwykły, standardowy, typowy
inuri|ˈi.nu.ri|v|pst:inurit ˈi.nu.rit|przyzwyczajać; {inuri a} -- robić coś zwykle, być przyzwyczajonym do czegoś, być nawykłym do czegoś
isan|ˈi.san|n|dziedzictwo|note:Pojęcie to wywodzi się od rytualnego, zdobionego, zwierzęcego rogu, {isanyiisdat}. Róg taki, jako rodowy przedmiot i~symbol nestora rodu był przekazywany z~pokolenia na pokolenie. Zwyczaje związane z~{isanyiisdat} zanikły na obszarze Nennek w~czasie Epoki Niezależności, gdzieniegdzie jednak kultywowane były aż do rozpadu Pierwszego Cesarstwa.
isdam|ˈis.dam|n|pl:isdamos ˈis.da.mɔs|połączenie, zjednoczenie
isdama͞i|ˈis.da.mai|v|pst:isdat ˈis.dat|łączyć, dodawać
isdar|ˈis.dar|n|połowa
isdara|ˈis.da.ra|n|pl:isdarji ˈis.dar.ʐi|fem|dywizja, odpowiednik stopnia dywizji, (obecnie: zgrupowanie wojsk lądowych liczące obecnie około 10 tysięcy żołnierzy)
isdara͞i|ˈis.da.rai|v|pst:isdaret ˈis.da.rɛt|dzielić, łamać, ale również podzielać (zdanie)
isdat|ˈis.dat|n|pl:isdatos ˈis.da.tɔs|róg zwierzęcy
isin|ˈi.sin|n|pl:isinos ˈi.si.nɔs|ząb
iskabar|ˈis.ka.bar|n|pl:iskabaros ˈis.ka.ba.rɔs|postęp
isnaja|ˈis.na.ʐa|n|pl:isnaji ˈis.na.ʐi|fem|szkło
issu͞et|ˈis.suɛ.tɛ|n|pl:issu͞ete ˈis.suɛ.tɛ|pieniądz
issu͞i|ˈis.sui|v|pst:issut ˈis.sut|planować
issude|ˈis.su.dɛ|n|pl:issudos ˈis.su.dɔs|plan
issudera|ˈis.su.dɛ.ra|n|pl:issuderji ˈis.su.dɛr.ʐi|fem|strategia
issudero|ˈis.su.dɛ.rɔ|adj|strategiczny
istay|ˈis.taj|n|południe (określenie czasu)
isturea|ˈis.tu.rɛ.a|n|pl:istureji ˈis.tu.rɛ.ʐi|fem|podatek|note:{isdat-alhyi isturea} -- podatek dodany do wartości, VAT
itonal|ˈi.tɔ.nal|n|pl:itonalos ˈi.tɔ.na.lɔs|bilet
ja|ˈʐa|part|ten konkretny, ten, to, ta
jaimi|ˈʐa.i.mi|v|pst:jaint ˈʐa.iŋt|budować
jan|ˈʐan|n|pl:janos ˈʐa.nɔs|dom
jarana|ˈʐa.ra.na|n|fem|wolność
jarani|ˈʐa.ra.ni|v|pst:jarant ˈʐa.raŋt|rozwiązywać (problem, zagadkę), ale także: rozwiązywać sznury, więzy
jarano|ˈʐa.ra.nɔ|adj|rozwiązany, np. rozwiązany problem
jarano|ˈʐa.ra.nɔ|adj|wolny, {jarano sekaya} -- wolny świat
jari|ˈʐa.ri|v|pst:jaret ˈʐa.rɛt|toczyć
jaro|ˈʐa.rɔ|n|pl:jaroan ˈʐa.rɔ.an|ucho
jawir|ˈʐa.wir|n|pl:jawirji ˈʐa.wir.ʐi|kradzież
jawiri|ˈʐa.wi.ri|v|pst:jawirit ˈʐa.wi.rit|kraść
jawiro|ˈʐa.wi.rɔ|adj|kradziony, ukradziony, skradziony
jawiror|ˈʐa.wi.rɔr|n|pl:jawiroros ˈʐa.wi.rɔ.rɔs|złodziej
je|ˈʐɛ|pro|przyimek określony, wskazanie na konrketny obiekt
jeji|ˈʐɛ.ʐi|v|pst:jejit ˈʐɛ.ʐit|klęczeć, klękać, uklęknąć
jeluche|ˈʐɛ.lu.t͡ʂɛ|n|pl:jeluches ˈʐɛ.lu.t͡ʂɛs|zamiar, cel, intencja
jenosa|ˈʐɛ.nɔ.sa|n|pl:jenosaji ˈʐɛ.nɔ.sa.ʐi|fem|drużyna, w~szczególności drużyna jako oddział wojskowy, grupa około 5 żołnierzy
jerya|ˈʐɛr.ja|n|pl:jeryeniji ˈʐɛr.jɛ.ni.ʐi|fem|przecinek|note:Używane w liczebnikach, w postaci {a jerya rasa} -- 1,83.
jetuhan|ˈʐɛ.tu.xan|n|pl:jetuhanos ˈʐɛ.tu.xa.nɔs|fem:jetuhana ˈʐɛ.tu.xa.na|rebeliant, rebeliantka
jetuhano|ˈʐɛ.tu.xa.nɔ|adj|rebelianckie
jeya|ˈʐɛ.ja|n|pl:jeye ˈʐɛ.jɛ|fem|kolano
ji|ˈʐi|part|coraz
ji͞ari͞o|ˈʐia.riɔ|n|pl:ji͞ari͞os ˈʐia.riɔs|ogród
jiki|ˈʐi.ki|v|pst:jikit ˈʐi.kit|biegać, biec
jisufi|ˈʐi.su.fi|v|pst:jisufit ˈʐi.su.fit|przekazywać; przekazywać wiadomość, pozdrowienia albo podarunki, pobierać plik
jo|ˈʐɔ|part|Partykuła używana przy liczebnikach. Oznacza ,,oraz'' i jest używana czasami zamiast systemu pozycyjnego.
jubo|ˈʐu.bɔ|adj|fioletowy
jubo|ˈʐu.bɔ|n|fiolet
ka|ˈka|n|dwa, dwójka|note:Dla każdego liczebnika można wykorzystać określenie {razi}, na przykład {ka razi} oznacza dwukrotnie, dwa razy.
ka͞ufi|ˈkau.fi|v|pst:ka͞ufit ˈkau.fit|skakać
kabama|ˈka.ba.ma|n|pl:kabamji ˈka.bam.ʐi|fem|bomba
kabami|ˈka.ba.mi|v|pst:kabamit ˈka.ba.mit|bombardować, wysadzać
kabuler|ˈka.bu.lɛr|n|pl:kabulos ˈka.bu.lɔs|wybuch
kache|ˈka.t͡ʂɛ|n|pl:kachu ˈka.t͡ʂu|skrzydło
kachibarer|ˈka.t͡ʂi.ba.rɛr|n|pl:kachibareros ˈka.t͡ʂi.ba.rɛ.rɔs|uniwersytet
kachisi|ˈka.t͡ʂi.si|v|pst:kachisit ˈka.t͡ʂi.sit|uczyć|note:Specjaliści twierdzą, że słowo to wywodzi się od słowa {kache}, z uwagi na to, że ptaki uczą swoje młode jak latać.
kachister|ˈka.t͡ʂi.stɛr|n|pl:kachistos ˈka.t͡ʂi.stɔs|fem:kachistera ˈka.t͡ʂi.stɛ.ra|nauczyciel
kaéti|ka.ˈɛ.ti|v|pst:kaét ka.ˈɛt|słuchać
kahi|ˈka.xi|v|pst:kahit ˈka.xit|latać
kahobeykar|ˈka.xɔ.bɛj.kar|n|red:trakon
kahokapata|ˈka.xɔ.ka.pa.ta|n|pl:kahokapataji ˈka.xɔ.ka.pa.ta.ʐi|fem|samolot
kahomamurte|ˈka.xɔ.ma.mur.tɛ|n|pl:kahomamurtos ˈka.xɔ.ma.mur.tɔs|lotnisko, port lotniczy
kahuna|ˈka.xu.na|n|pl:kahunos ˈka.xun.ɔs|fem|ptak
kaj́et|ka.ˈʐɛt|n|słuch
kalajim|ˈka.la.ʐim|adj|red:kali
kali|ˈka.li|adj|supl:kaljim ˈkal.ʐim|comp:kalji ˈkal.ʐi|czysty|note:W dialekcie zachodnim najwyższy stopień ma formę {kalajim}.
kalir|ˈka.lir|n|pl:kalirji ˈka.lir.ʐi|ideał
kaliri͞o|ˈka.lir.iɔ|adj|idealny, optymalny
kamari|ˈka.ma.ri|v|pst:kamarit ˈka.ma.rit|nie rozumieć
kamat|ˈka.mat|n|pl:kamatji ˈka.mat.ʐi|kłamstwo
kami|ˈka.mi|v|pst:kamat ˈka.mat|kłamać
kamiber|ˈka.mi.bɛr|n|pl:kamiberos ˈka.mi.bɛ.rɔs|kontroler
kamibi|ˈka.mi.bi|v|pst:kamibit ˈka.mi.bit|kontrolować
kant|ˈkaŋt|n|pl:kantos ˈkan.tɔs|śpiew
kantar|ˈkan.tar|n|pl:kantaros ˈkan.ta.rɔs|fem:kantara ˈkan.ta.ra|śpiewak
kanti|ˈkan.ti|v|pst:kant ˈkaŋt|śpiewać
kapata|ˈka.pa.ta|n|pl:kapatji ˈka.pat.ʐi|fem|maszyna
kapatana|ˈka.pa.ta.na|n|pl:kapatanis ˈka.pa.ta.nis|fem|maszyna|note:Forma używana dawniej. Obecnie raczej {kapata}, w~niektórych słowach ewoluowało wręcz do członu {-kapa}, patrz {hu͞ekapa}.
kapi|ˈka.pi|v|pst:kapit ˈka.pit|rozumieć
karié|ka.ri.ˈɛ|adj|supl:karié͞am ka.ri.ˈɛam|comp:karié͞a ka.ri.ˈɛa|ładny, piękny
karla|ˈkar.la|n|fem|śmierć, patrz również {karla͞i}
karla͞i|ˈkar.lai|v|pst:karlet ˈkar.lɛt|zabijać|note:Dosłownie: zadawać śmierć, dawniej w~formie czasu przeszłego również {karl}.
karlar|ˈkar.lar|n|pl:karlaros ˈkar.la.rɔs|zmarły
karlayter|ˈkar.laj.tɛr|n|pl:karlayteros ˈkar.laj.tɛ.rɔs|zabójca
karlayti|ˈkar.laj.ti|n|pl:karlaytiji ˈkar.laj.ti.ʐi|zabójstwo
karli|ˈkar.li|v|pst:karet ˈka.rɛt|umierać
kati|ˈka.ti|adj|drugi
katia|ˈka.ti.a|adj|druga|note:Bardzo często jest używany jako imię żeńskie, zarówno w~formie {Katia}, jak i~{Katya} lub {Kati͞a}.
katnisi|ˈkat.ni.si|v|pst:katnit ˈkat.nit|podwajać
kava|ˈka.va|n|pl:kavos ˈka.vɔs|fem|sad
kavala|ˈka.va.la|n|pl:kavaliji ˈka.va.li.ʐi|fem|osada, wieś
kavaler|ˈka.va.lɛr|n|pl:kavaleros ˈka.va.lɛ.rɔs|fem:kavalera ˈka.va.lɛ.ra|osadnik, założyciel
kavali|ˈka.va.li|v|pst:kavalit ˈka.va.lit|zakładać (miasto), zakładać (firmę), osadzać
kavi|ˈka.vi|v|pst:kavit ˈka.vit|sadzić
kay|ˈkaj|n|pl:kajis ˈka.ʐis|fem|noc
kayćhar|kaj.ˈt͡ʂar|n|pl:kayćharji kaj.ˈt͡ʂar.ʐi|klątwa|note:Dosłownie: Dar Nocy.
kayer|ˈka.jɛr|adj|supl:kayerem ˈka.jɛ.rɛm|comp:kayere ˈka.jɛ.rɛ|zły, gorszy
kayeto|ˈka.jɛ.tɔ|n|pl:kayetos ˈka.jɛ.tɔs|grzech, zły uczynek
kayetor|ˈka.jɛ.tɔr|n|pl:kayetoros ˈka.jɛ.tɔ.rɔs|fem:kayetora ˈka.jɛ.tɔ.ra|przestępca, grzesznik, winowajca, złoczyńca
kayri|ˈkaj.ri|n|zło
kayrito|ˈkaj.ri.tɔ|adj|złowrogi, złowieszczy, złowróżebny
ke͞amkey|ˈkɛam.kɛj|n|pl:ke͞amkeji ˈkɛam.kɛ.ʐi|narkotyk, lek, środek leczniczy
kean|ˈkɛ.an|n|pl:keani ˈkɛ.a.ni|korzeń
kebuér|kɛ.bu.ˈɛr|n|pl:kebuérji kɛ.bu.ˈɛr.ʐi|pałac
keja|ˈkɛ.ʐa|n|pl:keja͞o ˈkɛ.ʐaɔ|fem|klucz
kejauri|ˈkɛ.ʐa.u.ri|v|pst:kejauret ˈkɛ.ʐa.u.rɛt|wykluczać
kelay|ˈkɛl.aj|n|pl:kelayos ˈkɛ.la.jɔs|język|note:{kelayidazer}: pocałunek z~języczkiem.
keli|ˈkɛ.li|v|pst:kelet ˈkɛ.lɛt|lizać|note:Dosłownie: pracować językiem.
kelsan|ˈkɛl.san|n|pl:kelsanos ˈkɛl.sa.nɔs|porządek
kelsani|ˈkɛl.sa.ni|v|pst:kelsant ˈkɛl.saŋt|porządkować
kerle|ˈkɛr.lɛ|n|pl:kerles ˈkɛr.lɛs|warownia, zamek
kervo|ˈkɛr.vɔ|n|pl:kervos ˈkɛr.vɔs|mózg
kest|ˈkɛ.stɛ|n|pl:kestos ˈkɛs.tɔs|pytanie
kesti|ˈkɛs.ti|v|pst:kestet ˈkɛs.tɛt|pytać
key|ˈkɛj|part|jak|note:Wykorzystywany przy porównywaniu: coś jest jak coś innego.
kigeje|ˈki.gɛ.ʐɛ|n|pl:kigejos ˈki.gɛ.ʐɔs|fem:kigeje͞a ˈki.gɛ.ʐɛa|książę, księżniczka
kigejerid|ˈki.gɛ.ʐɛ.rid|n|pl:kigejeridos ˈki.gɛ.ʐɛ.ri.dɔs|księstwo
kihile|ˈki.xi.lɛ|part|być może, możliwe więc
kihilo|ˈki.xi.lɔ|adj|comp:kihilo͞e ˈki.xi.lɔɛ|możliwy|note:Nie posiada najwyższego stopnia.
kiiwai|ˈki:.wa.i|v|pst:kiiwat ˈki:.wat|witać
kiiway|ki:.ˈwaj|n|pl:kiiwaji ˈki:.wa.ʐi|powitanie|note:Również forma typowego, niezbyt formalnego powitania.
kilito|ˈki.li.tɔ|adj|nudny (człowiek)|note:Stosowany wyłącznie do osób. Nudny przedmiot w szkole to {nontriso}.
kipen|ˈki.pɛn|n|pl:kipenos ˈki.pɛ.nɔs|wzór
kipeni|ˈki.pɛ.ni|v|pst:kipenit ˈki.pɛ.nit|wzorować; {kipeni a} -- wzorować się na kimś, na czymś
kiro|ˈki.rɔ|adj|żółty
kiro|ˈki.rɔ|n|kolor żółty
kiruki|ˈki.ru.ki|v|pst:kiruket ˈki.ru.kɛt|umieć
klik|ˈklik|n|pl:kliki ˈkli.ki|odpowiednik minuty, ok. 45 sekund
ko͞e|ˈkɔɛ|part|jak, w~jaki sposób|note:Stosowany tylko w pytaniu - aby powiedzieć "coś jak coś" używa się {koy}.
koange|ˈkɔ.an.gɛ|n|pl:koanges ˈkɔ.an.gɛs|wątroba
kobato|ˈkɔ.ba.tɔ|adj|supl:kobato͞em ˈkɔ.ba.tɔɛm|comp:kobato͞e ˈkɔ.ba.tɔɛ|słaby
kobovi|ˈkɔ.bɔ.vi|v|pst:kobovit ˈkɔ.bɔ.vit|walczyć
kobovir|ˈkɔ.bɔ.vir|n|pl:koboviros ˈkɔ.bɔ.vi.rɔs|fem:kobovira ˈkɔ.bɔ.vi.ra|żołnierz
koda|ˈkɔ.da|n|pl:kodiji ˈkɔ.di.ʐi|fem|ogon
kokis|ˈkɔ.kis|n|pl:kokijis ˈkɔ.ki.ʐis|brak, niedobór
kokoro|ˈkɔ.kɔ.rɔ|n|pl:kokoros ˈkɔ.kɔ.rɔs|serce
kone|ˈkɔ.nɛ|part|bez (czegoś)|note:Spotykana jest również forma {kohne}.
koólen|kɔ.ˈɔl.ɛn|n|miłość romantyczna, miłość rodzicielska
koóler|kɔ.ˈɔ.lɛr|n|pl:koólerji kɔ.ˈɔ.lɛr.ʐi|fem:koólera kɔ.ˈɔ.lɛ.ra|kochanek, obiekt miłości|note:W sytuacji, w~której nie chcemy określać płci, używa się rodzaju męskiego. Słowo to dotyczy głównie miłości romantycznej, bo kochanek w~sensie seksualnym to {aḿachager}.
koóli|kɔ.ˈɔ.li|v|pst:koólet kɔ.ˈɔ.lɛt|kochać|note:{koóli ti} -- ,,kocham cię''
koperi|ˈkɔ.pɛ.ri|v|pst:kopet ˈkɔ.pɛt|kryć, ukrywać
kopero|ˈkɔ.pɛ.rɔ|adj|ukryty, ukryta
korebi|ˈkɔ.rɛ.bi|v|pst:kret ˈkrɛt|ufać
korno|ˈkɔr.nɔ|n|pl:kornos ˈkɔr.nɔs|róg, narożnik, dziób ptaka, wydłużone zakończenie przedmiotu, przednia część kadłuba statku|note:Ale nie róg zwierzęcy, patrz {isdat}.
kovi|ˈkɔ.vi|part|tuż, ledwo
kower|ˈkɔ.wɛr|n|północ (kierunek)
koy|ˈkɔj|part|jakoś, jakby, jakiś, jak
kuanti|ˈku.an.ti|v|pst:kuant ˈku.aŋt|polować
kuka͞o|ˈku.kaɔ|n|pl:kukaos ˈku.kaɔs|fem|cud
kukaó|ku.ka.ˈɔ|adj|supl:kukao͞em ˈku.ka.ɔɛm|comp:kukao͞e ˈku.ka.ɔɛ|cudowny
kuosi|ˈku.ɔ.si|v|pst:kuoset ˈku.ɔ.sɛt|żądać
kutut|ˈku.tut|n|pl:kutos ˈku.tɔs|but
kyestyo|ˈkjɛs.tjɔ|n|pl:kyesyos ˈkjɛs.jɔs|krokodyl
kyige|ˈkʏ.gɛ|n|pl:kyigos ˈkʏ.gɔs|fem:kyige͞a ˈkʏ.gɛa|król, królowa|note:Słowo to jest jednym z~nielicznych, w~którym głoska /ʏ/ nie występuje w~kontekście określenia posiadania czegoś. Słowo to pochodzi wprost z~języka staronenneckiego.
kyigerid|ˈkʏ.gɛ.rid|n|pl:kyigeridos ˈkʏ.gɛ.ri.dɔs|królestwo
laák|la.ˈak|n|pl:laákji la.ˈak.ʐi|drzewo
labi|ˈla.bi|v|pst:labit ˈla.bit|bawić się
laḱan|la.ˈkan|n|pl:laḱanji la.ˈkan.ʐi|las
laḱer|la.ˈkɛr|n|pl:laḱerji la.ˈkɛr.ʐi|fem|park
lamiji|ˈla.mi.ʐit|v|pst:lamijit ˈla.mi.ʐit|oddychać
lana|ˈla.na|n|pl:lanji ˈlan.ʐi|fem|książka, księga
lannake|ˈlan.na.kɛ|n|pl:lannakaji ˈlan.na.ka.ʐi|zdanie
lanomaŕida|la.nɔ.ma.ˈri.da|n|pl:lanomaŕidi la.nɔ.ma.ˈri.di|fem|biblioteka
laoche|ˈla.ɔ.t͡ʂɛ|n|pl:laoches ˈla.ɔ.t͡ʂɛs|gratulacje
laochi|ˈla.ɔ.t͡ʂi|v|pst:lachit ˈla.t͡ʂit|gratulować
larima|ˈla.ri.ma|n|pl:larimji ˈla.rim.ʐi|fem|droga|note:W dialekcie zachodnim używane jest również {Tao͞a}.
larka|ˈlar.ka|n|pl:larkeji ˈlar.kɛ.ʐi|fem|mewa
layko|ˈlaj.kɔ|part|jako; {fari layko} -- pracować jako
layneya|ˈlaj.nɛ.ja|n|pl:layniji ˈlaj.nit|fem|przyjemność
layni|ˈlaj.ni|v|pst:laynit ˈlaj.nit|sprawiać przyjemność
legeni|ˈlɛ.gɛ.ni|v|pst:legent ˈlɛ.gɛŋt|gryźć
lehu|ˈlɛ.xu|part|wcale
lejekli|ˈlɛ.ʐɛk.li|v|pst:lejeklit ˈlɛ.ʐɛk.lit|kontynuować
leknulgura|ˈlɛk.nul.gu.ra|n|pl:leknulgureji ˈlɛk.nul.gu.rɛ.ʐi|fem|restauracja
lekrok|ˈlɛk.rɔk|n|pl:lekrokji ˈlɛk.rɔk.ʐi|toaleta (miejsce
lese|ˈlɛ.sɛ|n|pl:leseji lɛ.sɛ.ʐi|fem:lesa lɛ.sa|owca, jagnię, baran
leseyirome|ˈlɛ.sɛ.ʏ.rɔ.mɛ|n|pl:leseyiromes lɛ.sɛ.ʏ.rɔ.mɛs|jagnięcina
levi|ˈlɛ.vi|part|z lewej, lewa strona
levisi|ˈlɛ.vi.si|v|pst:leviset ˈlɛ.vi.sɛt|tracić, odejmować
levo|ˈlɛ.vɔ|adj|supl:levo͞em ˈlɛ.vɔɛm|comp:levo͞e ˈlɛ.vɔɛ|lewy
leyfe|ˈlɛj.fɛ|part|albo
liche|ˈli.t͡ʂɛ|n|pl:liches ˈli.t͡ʂɛs|prawo (w sądownictwie), prawo sądowe
liina|ˈli:.na|n|pl:liínji li.ˈin.ʐi|fem|fala
lipe|ˈli.pɛ|adj|supl:lipe͞am ˈli.pɛam|comp:lipe͞a ˈli.pɛa|dobry, lepszy, najlepszy|note:{lipe kay}, {lipe tay}, {lipe zevoyim} to typowe pozdrowienia i przywitania -- dobrej nocy, dobrego dnia, dobrego poranka.
lipet|ˈli.pɛt|n|pl:lipetos ˈli.pɛ.tɔs|dobro
lipi|ˈli.pi|v|pst:lipet ˈli.pɛt|ulepszać
lisavi|ˈli.sa.vi|n|radio
liteta|ˈli.tɛ.ta|n|pl:litetji ˈli.tɛt.ʐi|fem|noga
live|ˈli.vɛ|n|przód
live|ˈli.vɛ|part|naprzód, do przodu|note:Używane również jako okrzyk zachęcający, także w wojsku.
loder|ˈlɔ.dɛr|adj|supl:loderem ˈlɔ.dɛ.rɛm|comp:lodere ˈlɔ.dɛ.rɛ|oszczędny
loesa|ˈlɔ.ɛ.sa|n|pl:loeseji ˈlɔ.ɛ.sɛ.ʐi|fem|lalka
lohuin|ˈlɔ.xu.in|n|pl:lohuinos ˈlɔ.xu.i.nɔs|kult, wiara
lolaru|ˈlɔ.la.ru|adj|optymistyczny
lonroki|ˈlɔn.rɔ.ki|v|pst:lonrokit ˈlɔn.rɔ.kit|uprawiać (czynność; diras lonroki - uprawiać seks
lont|ˈlɔŋt|n|pl:lontos ˈlɔn.tɔs|odległość
lonte|ˈlɔn.tɛ|adj|supl:lontem ˈlɔn.tɛm|comp:lote͞a ˈlɔ.tɛa|daleki, odległy, daleko
lontoyner|ˈlɔŋt.ɔj.nɛr|n|pl:lontoyneros ˈlɔn.tɔj.nɛ.rɔs|telefon|note:Dosłownie: odległość-głos.
lot|ˈlɔt|n|życie
loti|ˈlɔ.ti|v|pst:lot ˈlɔt|żyć, mieszkać
ma|ˈma|n|siedem, siódemka
machagi|ˈma.t͡ʂa.gi|v|pst:machaget ˈma.t͡ʂa.gɛt|spać
machi|ˈma.t͡ʂi|v|pst:machit ˈma.t͡ʂit|pchać
maesli|ˈma.ɛs.li|v|pst:maeslit ˈma.ɛs.lit|życzyć
maesto|ˈma.ɛs.tɔ|n|pl:maestos ˈma.ɛs.tɔs|życzenia
mahetan|ˈma.xɛ.tan|n|pl:mahetanos ˈma.xɛ.ta.nɔs|pociąg (pojazd)
mahi|ˈma.xi|v|pst:mahet ˈma.xɛt|ciągnąć
mal|ˈmal|part|partykuła określająca przynależność do określonej rodziny|note:W~tradycyjnej formie zapisu nazwiska zawsze poprzedza się nazwę rodu partykułą {mal}, na przykład {Koolder mal Erlehirni}.
maldora|ˈmal.dɔ.ra|n|pl:maldoros ˈmal.dɔ.rɔs|fem|rodzina
maldoran|ˈmal.dɔ.ran|n|pl:maldoranos ˈmal.dɔ.ra.nɔs|sąd, rozprawa sądowa|note:Określenie to pochodzi od faktu, że przed wiekami sprawy sądowe były rozpatrywane wewnątrz rodzin, które to potem przedstawiały jaki wyrok został podjęty.
maldoro|ˈmal.dɔ.rɔ|adj|rodzinny
maltorn|ˈmal.tɔrn|n|dom rodzinny|note:Słowo {maltorn} pochodzi od słów {mal} (rodzina) oraz {torn}, który jest wrostkiem często oznaczającym coś związanego z~murami, twierdzami -- aczkolwiek samo {torn} pochodzi od {tori} (rzucać), ale jest często stosowane w nazwach miast.
mama|ˈma.ma|n|pl:mamis ˈma.mis|fem|matka|note:Nieformalne. Patrz {natali͞a}.
mamer|ˈma.mɛr|n|pl:mamerji ˈma.mɛr.ʐi|nosiciel, transport
mami|ˈma.mi|v|pst:mamet ˈma.mɛt|nosić
mamurte|ˈma.mur.tɛ|n|pl:mamurtos ˈma.mur.tɔs|port morski lub śródlądowy
mani|ˈma.ni|v|pst:mant ˈmaŋt|gubić
mantreja|ˈman.trɛ.ʐa|n|pl:mantreji ˈman.trɛ.ʐi|fem|lista
mapar|ˈma.par|part|żaden
mar|ˈmar|n|mąż
maŕida|ma.ˈri.da|n|pl:maŕidi ma.ˈri.di|fem|ziemia (jako obszar posiadany, miejsce, ląd)
maŕie͞o|ma.ˈri.ɛɔ|n|pl:marié͞os ma.ri.ˈɛɔs|fem:marié͞a ma.ri.ˈɛa|małżonek, małżonka
maŕiello|ma.ˈri.ɛl.lɔ|n|pl:mariéllos ma.ri.ˈɛl.lɔs|małżeństwo
maritari|ˈma.ri.ta.ri|v|pst:maritat ˈma.ri.tat|żenić
marri|ˈmar.ri|v|pst:maret ˈma.rɛt|dmuchać, wiać (w odniesieniu do wiatru)
maruni|ˈma.ru.ni|v|pst:marunit ˈma.ru.nit|nucić
masuti|ˈma.su.ti|v|pst:masut ˈma.sut|potrzebować
mati|ˈma.ti|adj|siódmy
mayarmoni|ˈma.jar.mɔ.ni|v|pst:mayarmonit ˈma.jar.mɔ.nit|udawać się, udać się, {mayarmonit} -- ,,udało się!''
mede|ˈmɛ.dɛ|adj|środkowy, leżący pomiędzy
medi|ˈmɛ.di|n|pl:medis ˈmɛ.dis|środek
mejeri|ˈmɛ.ʐɛ.ri|v|pst:mejer ˈmɛ.ʐɛr|niszczyć; {okupao mejeri} -- pozbywać się problemu
menate|ˈmɛ.na.tɛ|adj|supl:menate͞am ˈmɛ.na.tɛam|comp:menate͞a ˈmɛ.na.tɛa|żyzny
menede|ˈmɛ.nɛ.dɛ|adj|supl:menede͞am ˈmɛ.nɛ.dɛam|comp:menede͞a ˈmɛ.nɛ.dɛa|zdrowy|note:Spotykana jest forma również forma {menedo}.
menede|ˈmɛ.nɛ.dɛ|n|zdrowie
meneder|ˈmɛ.nɛ.dɛr|n|pl:menederos ˈmɛ.nɛ.dɛ.rɔs|fem:menedera ˈmɛ.nɛ.dɛ.ra|lekarz
menedi|ˈmɛ.nɛ.di|v|pst:menet ˈmɛ.nɛt|leczyć, zdrowieć
menoje|ˈmɛ.nɔ.jɛ|adj|supl:menoje͞am ˈmɛ.nɔ.ʐɛam|comp:menoje͞a ˈmɛ.nɔ.ʐɛa|tani
meter|ˈmɛ.tɛr|n|pl:meterdi ˈmɛ.tɛr.di|metr (ziemska jednostka miary)
mi|ˈmi|pro|ja
miam|ˈmi.am|part|gdyby
mibali|ˈmi.ba.li|v|pst:mibat ˈmi.bat|używać
mibozor|ˈmi.bɔ.zɔr|n|pl:mibozoris ˈmi.bɔ.zɔ.ris|fem:mibozora ˈmi.bɔ.zɔ.ra|szkoła|note:W rodzaju żeńskim jest używana dla szkół żeńskich.
mife͞a|ˈmi.fɛa|n|pl:mife͞aji ˈmi.fɛa.ʐi|fem|fraza, zwrot
mika|ˈmi.ka|n|pl:mikji ˈmik.ʐi|fem|lód
miker|ˈmi.kɛr|n|śnieg
miki|ˈmi.ki|adj|supl:mikiam ˈmi.ki.am|comp:mikia ˈmi.ki.a|zimny
miki|ˈmi.ki|v|pst:mik ˈmik|zamarzać, mrozić, zamrażać, chłodzić
mikyimarida|ˈmi.kʏ.ma.ri.da|n|fem|zima|note:Dosłownie: kraina lodu.
mireisro|ˈmi.rɛ.is.rɔ|adj|supl:miroisre͞am ˈmi.rɔ.is.rɛam|comp:miroisre͞a ˈmi.rɔ.is.rɛa|prawdopodobny|note:Może być stosowany na końcu zdania jako partykuła ,,prawdopodobnie''.
miruja|ˈmi.ru.ʐa|n|pl:miruji ˈmi.ru.ʐi|fem|żona|note:Etymologia tego słowa to prawdopodobnie {myi rujalara}, dosłownie ,,moja kobieta''.
missani|ˈmis.sa.ni|n|pl:missanis ˈmis.sa.nis|wiadomość
missi|ˈmis.si|v|kontaktować się
mo|ˈmɔ|part|nic, nikt
moḱey|mɔ.ˈkɛj|part|nijak
moḱoy|mɔ.ˈkɔj|part|jakikolwiek
moĺi|mɔ.ˈli|part|nigdy
moroza|ˈmɔ.rɔ.za|n|pl:moroji ˈmɔ.rɔ.ʐi|fem|piłka
mosno|ˈmɔs.nɔ|adj|supl:mosne͞am ˈmɔs.nɛam|comp:mosne ˈmɔs.nɛ|dziki
mośo|mɔ.ˈsɔ|part|nigdzie
mosti|ˈmɔs.ti|v|pst:moset ˈmɔ.sɛt|tworzyć
mot́er|mɔ.ˈtɛr|part|nikt
moýage|mɔ.ˈja.gɛ|part|donikąd
moýasu|mɔ.ˈja.su|part|znikąd
moyi|ˈmɔ.ʏ|part|niczyj
muche|ˈmu.t͡ʂɛ|n|pl:mucho ˈmu.t͡ʂɔ|fem:mucha ˈmu.t͡ʂa|kot, kotka
muchi|ˈmu.t͡ʂi|n|pl:muchyo ˈmu.t͡ʂjɔ|fem:muchya ˈmu.t͡ʂja|kotek, kociaczek|note:Zawołanie {mućhi, mućhi} oznacza mniej więcej ,,kici, kici''.
muner|ˈmu.nɛr|n|pl:muneris ˈmu.nɛ.ris|urząd, stanowisko; zarówno jako urząd prezydenta agaryierchigu muner, jak i urząd pocztowy yurchero muner
musa|ˈmu.sa|n|pl:musi ˈmu.si|mysz
myi|ˈmʏ|pro|mój 1SG.GEN lub 1SG.POSS|note:Zaimki myi oraz tyi zazwyczaj zapisywane są w~postaci ideogramu, czasami nawet w~tekście zapisanym alfabetem fonetycznym.
na|ˈna|n|pięć, piątka
na͞epal|ˈnaɛ.pal|n|gładkość
na͞epi|ˈnaɛ.pi|v|pst:na͞et ˈnaɛt|gładzić, wygładzać
na͞epo|ˈnaɛ.pɔ|adj|supl:na͞epo͞am ˈnaɛ.pɔam|comp:na͞epo͞a ˈnaɛ.pɔa|gładki, wygładzony
naári|na.ˈa.ri|part|wkrótce, niedługo
nafit|ˈna.fit|n|pl:nafito ˈna.fi.tɔ|piwnica
nafiye|ˈna.fi.ja|n|pl:nafiyes ˈna.fi.jɛs|fem:nafiya ˈna.fi.ja|piwo|note:W niektórych dialektach nie występuje w~rodzaju męskim.
naja|ˈna.ʐa|n|pl:naji ˈna.ʐi|fem|odpowiednik godziny, ok. 75 minut
nanal|ˈna.nal|n|pl:nanalos ˈna.na.lɔs|śmigło
narli|ˈnar.li|v|pst:narlet ˈnar.lɛt|ściskać
naroje|ˈna.rɔ.ʐɛ|n|pl:narojes ˈna.rɔ.ʐɛs|fem:naroja ˈna.rɔ.ʐa|ciało
naruo|ˈna.ru.ɔ|n|pl:naruos ˈna.ru.ɔs|brzuch
nasecho|ˈna.sɛ.t͡ʂɔ|n|pl:nasechos ˈna.sɛ.t͡ʂɔs|szpital
natale|ˈna.ta.lɛ|n|narodziny
natali|ˈna.ta.li|v|pst:natal ˈna.tal|rodzić
natali͞a|ˈna.ta.lia|n|pl:natalji ˈna.tal.ʐi|fem|matka
nati|ˈna.ti|n|piąty
navicha|ˈna.vi.t͡ʂa|n|fem|próba
ne͞a|ˈnɛa|part|obok, blisko
nebesi|ˈnɛ.bɛ.si|n|pl:nebesis ˈnɛ.bɛ.sis|fem:nebesa ˈnɛ.bɛ.sa|policjant|note:Pochodzi od skrótu {NBS} ({Noworu͞a Buruku chu Sekupao} -- Cywilne (niewojskowe) Biuro Bezpieczeństwa), który oznacza federalne jednostki policyjne. Rzeczownik powstały od tej nazwy przylgnął jednak do oficerów wszystkich sił policyjnych.
neb́i͞a|nɛ.ˈbia|n|fem|mgła
ner|ˈnɛr|adj|supl:neram ˈnɛ.ram|comp:nera ˈnɛ.ra|bliski
niger|ˈni.gɛr|pro|tamto, tamta rzecz|note:Używany rzadko, zwykle w dialekcie południowo-wschodnim. Raczej używane jest {je}, {niger} dotyczy rzeczy, które nie są w zasięgu wzroku.
nihitu|ˈni.xi.tu|n|pl:nihitus ˈni.xi.tus|strefa, obszar
nimu|ˈni.mu|n|magia, czary
nimu͞er|ˈni.mu.ɛr|n|pl:nimu͞erji ˈni.muɛr.ʐi|fem:nimu͞e ˈni.muɛ|czarodziej, czarodziejka|note:Istnieje również słowo {nimu͞era}, oznaczające wiedźmę, używane stricte pejoratywnie. Nie istnieje pejoratywne określenie mężczyzny czarodzieja, raczej zamiast tego używa się określenia {rukolaner}, dosłownie ,,czarnoksiężnik'', które jednak powstało w~czasach znacznie późniejszych niż {nimu͞era}.
nimu͞era|ˈni.muɛ.ra|n|red:nimu͞er
nimui|ˈni.mu.i|v|czarować
nirudo|ˈni.ru.dɔ|n|pl:nirudos ˈni.ru.dɔs|punkt
niyi|ˈni.ʏ|pro|nasze 1PL.GEN lub 1PL.POSS
no|ˈnɔ|part|nie
nodi|ˈnɔ.di|pro|my ekskluzywne|note:Oznacza ``my, ale nie włącznie z~tobą''. Spotykany najczęściej tylko w dialekcie pustynnym.
nodowo|ˈnɔ.dɔ.wɔ|adj|pusty
nodyi|ˈnɔ.dʏ|pro|nasze (ekskluzywne)
noḱarlaj|nɔ.kar.ˈlaj|n|pl:noḱarji nɔ.ˈkar.ʐi|fem:noḱarla nɔ.ˈkar.la|nieśmiertelny człowiek
noḱarlay|nɔ.ˈkar.laj|adj|taki, którzy nie może umrzeć, nieśmiertelny
nokihilo|ˈnɔ.ki.xi.lɔ|adj|niemożliwy
nolipe|ˈnɔ.li.pɛ|adj|zły, niedobry
nome|ˈnɔ.mɛ|n|pl:nomis ˈnɔ.mis|imię
nomi|ˈnɔ.mi|v|pst:nomet ˈnɔ.mɛt|nazywać, nazywać się, być nazywanym
noneper|ˈnɔ.nɛ.pɛr|adj|supl:noneperem ˈnɔ.nɛ.pɛ.rɛm|comp:nonepere ˈnɔ.nɛ.pɛ.rɛ|suchy
noni|ˈnɔ.ni|pro|my
nontriso|ˈnɔn.tri.sɔ|adj|nudny (przedmiot), nieinteresujący|note:Na przykład przedmiot szkolny. W odniesieniu do człowieka raczej {kilito}.
noril|ˈnɔ.ril|adj|supl:norile͞am ˈnɔ.ri.lɛam|comp:norile͞a ˈnɔ.ri.lɛa|krótki
nosaper|ˈnɔ.sa.pɛr|adj|nieznany
notaerno|ˈnɔ.ta.ɛr.nɔ|adj|niezadowolony
notopai|ˈnɔ.tɔ.pa.i|adj|nieskończony
novek|ˈnɔ.vɛk|n|młodość, nowość
noveka|ˈnɔ.vɛ.ka|n|fem|wiosna
nowa|ˈnɔ.vɛ.ka|n|pl:nojewas ˈnɔ.ʐɛ.was|fem|uroda
noẃirklo|nɔ.ˈwir.klɔ|adj|supl:noẃirklem nɔ.ˈwir.klɛm|comp:noẃirkle nɔ.ˈwir.klɛ|nieważny, nieistotny
noworu͞a|ˈnɔ.wɔ.rua|adj|cywilny, niewojskowy, pokojowy
noyeji|ˈnɔ.jɛ.ʐi|v|pst:noyejit ˈnɔ.jɛ.ʐit|oślepiać, tracić wzrok, ślepnąć|note:{mi noyji} -- ja ślepnę, {mi noyji ti} -- ja ciebie oślepiam
nozewo|ˈnɔ.zɛ.wɔ|adj|supl:nozewem ˈnɔ.zɛ.wɛm|comp:nozewe ˈnɔ.zɛ.wɛ|chudy
nu͞er|ˈnuɛr|adj|supl:nuerem ˈnu.ɛ.rɛm|comp:nu͞ere ˈnuɛ.rɛ|nowy, nowa
nu͞eyaŕitay|nuɛ.ja.ˈri.taj|n|dzień nowego roku|note:Dosłownie: Nowy-Rok-Dzień. Święto obchodzone 1. dnia miesiąca novek.
nurachi|ˈnu.ra.t͡ʂi|v|pst:nurachit ˈnu.ra.t͡ʂit|spodziewać
o|ˈɔ|part|do, dla, niż (przy porównywaniu)
obi|ˈɔ.bi|v|pst:obit ˈɔ.bit|zaczynać
obo|ˈɔ.bɔ|n|pl:obos ˈɔ.bɔs|początek
ofari|ˈɔ.fa.ri|v|pst:ofarit ˈɔ.fa.rit|zaczynać (coś robić)
okupao|ˈɔ.ku.pa.ɔ|n|pl:okupaos ˈɔ.ku.pa.ɔs|problem
okwat|ˈɔk.wat|n|pl:okwatos ɔk.wa.tɔs fem:okwata ɔk.wa.ta|wieprz, świnia
okwatyirome|ˈɔk.wa.tʏ.rɔ.mɛ|n|pl:okwatyiromes ɔk.wa.tʏ.rɔ.mɛs|wieprzowina
on|ˈɔn|part|na (czymś), na temat, o (kimś), o (czymś), na (coś)
onvojibo|ˈɔn.vɔ.ʐi.bɔ|part|z naprzeciw, naprzeciwko
opeka|ˈɔ.pɛ.ka|n|pl:opekaji ˈɔ.pɛ.ka.ʐi|fem|wyspa
oraićhar|ˈɔ.ra.i.t͡ʂar|n|dar bogów, błogosławieństwo
ore|ˈɔ.rɛ|part|teraz
oreno|ˈɔ.rɛ.nɔ|adj|pomarańczowy
oreno|ˈɔ.rɛ.nɔ|n|kolor pomarańczowy
ori|ˈɔ.ri|n|pl:ora͞i ˈɔ.rai|fem:oriá ɔ.ri.ˈa|bóg, bogini
osake|ˈɔ.sa.kɛ|part|wiele, wielu, dużo|note:Stosowane zamiennie z {vyele}.
osfuta|ˈɔs.fu.ta|n|pl:osfutiji ˈɔs.fu.ti.ʐi|fem|rakieta
osik|ˈɔ.sik|n|pl:osiki ˈɔ.si.ki|nos
ośiki|ɔ.ˈsi.ki|v|pst:ośik ɔ.ˈsik|czuć węchem, wąchać
osor|ˈɔs.ɔr|part|dlaczego
ossa|ˈɔs.sa|n|pl:osji ˈɔs.ʐi|fem|kość
ostro|ˈɔs.trɔ|n|drzwi
ostrolo|ˈɔs.trɔ.lɔ|n|pl:ostrolos ˈɔs.trɔ.lɔs|furtka, drzwiczki
osupi|ˈɔ.su.pi|v|pst:osupet ˈɔ.su.pɛt|upadać, upaść, padać (deszcz)
owa|ˈɔ.wa|part|och!
oyo|ˈɔ.jɔ|n|pl:ojios ˈɔ.ʐi.ɔs|oko
oyosenaja|ˈɔ.jɔ.sɛ.na.ʐa|n|pl:oyosenaji ˈɔ.jɔ.sɛ.na.ʐi|fem|okulary
oyotori|ˈɔ.jɔ.tɔ.ri|v|pst:oyotorit ˈɔ.jɔ.tɔ.rit|rzucać spojrzenia, podglądać, podejrzewać
ozeyo|ˈɔ.zɛ.jɔ|adj|supl:ozeyem ˈɔ.zɛ.jɛm|comp:ozeye ˈɔ.zɛ.jɛ|trudny, trudniejszy, najtrudniejszy
ozoi|ˈɔ.zɔ.i|v|pst:ozot ˈɔ.zɔt|trzymać
pa͞uri|ˈpau.ri|v|pst:paurit ˈpa.u.rit|bać
pajako|ˈpa.ʐa.kɔ|n|zapłata, pensja
pakopi|ˈpa.kɔ.pi|v|pst:pakot ˈpa.kɔt|martwić
pakopo|ˈpa.kɔ.pɔ|adj|zmartwiony
palimi|ˈpa.li.mi|v|pst:palimit ˈpa.li.mit|rozmawiać
paluk|ˈpa.luk|adj|taki sam, identyczny
pama|ˈpa.ma|part|wtedy
pante|ˈpan.tɛ|n|południe (kierunek), południe (określenie czasu), patrz również {istay}|note:Używany częściej w dialekcie południowym.
parlai|ˈpar.la.i|v|red:inra͞i
patal|ˈpa.tal|n|pl:patalos ˈpa.ta.lɔs|tata, tatuś|note:Używane zazwyczaj w~nieformalnym kontekście. Patrz {vapal}.
payte|ˈpaj.tɛ.a|adj|supl:payteam ˈpaj.tɛam|comp:payte͞a ˈpaj.tɛa|męczący
payti|ˈpaj.ti|v|pst:payet ˈpa.jɛt|męczyć
pazer|ˈpa.zɛr|adj|supl:pazerem ˈpa.zɛ.rɛm|comp:pazere ˈpa.zɛ.rɛ|lubiany
pazero|ˈpa.zɛ.rɔ|adj|ulubiony
pazi|ˈpa.zi|v|pst:pazit ˈpa.zit|lubić
pe͞oi|ˈpɛɔ.i|v|pst:peot ˈpɛ.ɔt|słyszeć
peayo|ˈpɛ.a.jɔ|n|pl:peayos ˈpɛ.a.jɔs|stacja, przystanek
pebedar|ˈpɛ.bɛ.dar|n|pl:pebedaros ˈpɛ.bɛ.da.rɔs|warzywo
pebedarer|ˈpɛ.bɛ.da.rɛr|n|pl:pebedareros ˈpɛ.bɛ.da.rɛ.rɔs|fem:pebedarera ˈpɛ.bɛ.da.rɛ.ra|wegetarianin
pebedarero|ˈpɛ.bɛ.da.rɛ.rɔ|adj|wegetariański
pelir|ˈpɛ.lir|n|pl:peliros ˈpɛ.li.rɔs|fem:pelira ˈpɛ.li.ra|pies
per|ˈpɛr|part|aby, żeby
perma|ˈpɛr.ma|n|pl:permos ˈpɛr.mɔs|fem|pozwolenie, przepustka
permi|ˈpɛr.mi|v|pst:permet ˈpɛr.mɛt|pozwalać
pesulo|ˈpɛ.su.lɔ|adj|różowy
pesulo|ˈpɛ.su.lɔ|n|kolor różowy, róż (kosmetyk)
petode|ˈpɛ.tɔ.dɛ|n|pl:petodes ˈpɛ.tɔ.dɛs|pojemnik
pevi|ˈpɛ.vi|v|pst:pevit ˈpɛ.vit|karmić
pimer|ˈpi.mɛr|n|pl:pimeros ˈpi.mɛ.rɔs|rzecz
pinchi|ˈpin.t͡ʂi|v|pst:pinchet ˈpin.t͡ʂɛt|lśnić
pipe|ˈpi.pɛ|n|pl:pipes ˈpi.pɛs|włos
pukes|ˈpu.kɛs|n|pl:pukesos ˈpu.kɛ.sɔs|kolor
pukese|ˈpu.kɛ.sɔ|adj|kolorowy
putari|ˈpu.ta.ri|v|pst:putarit ˈpu.ta.rit|wyjaśniać
pyotka|ˈpjɔt.ka|n|pl:pyotkaji ˈpjɔt.ka.ʐi|fem|most
ra|ˈra|n|dziewięć, dziewiątka
ra͞e|ˈraɛ|n|pl:ra͞os ˈraɔs|koło, krąg
ra͞o|ˈraɔ|adj|okrągły, dookoła|note:Używany również do określenia szacowanej wartości: ,,około''.
ra͞oi|ˈraɔ.i|v|pst:raot ˈra.ɔt|zaokrąglać, okrążać
rabei|ˈra.bɛ.i|v|pst:rabet ˈra.bɛt|wierzyć
radi|ˈra.di|v|pst:radit ˈra.dit|sprzedać, sprzedawać
rahioko|ˈra.xi.ɔ.kɔ|adj|wyraźny
rajiri|ˈra.ʐi.ri|v|pst:rajit ˈra.ʐit|krzyczeń
ranor|ˈra.nɔr|adj|supl:ranorem ˈra.nɔ.rɛm|comp:ranore ˈra.nɔ.rɛ|poprawny
ranori|ˈra.nɔ.ri|v|pst:ranoret ˈra.nɔ.rɛt|poprawiać
ranse|ˈran.sɔ|n|pl:ransos ˈran.sɔs|rodzaj, gatunek
raratako|ˈra.ra.ta.kɔ|adj|wystarczający
raratako|ˈra.ra.ta.kɔ|part|wystarczy, dość
rati|ˈra.ti|adj|dziewiąty
ray|ˈraj|n|pl:raji ˈra.ʐi|fem|piorun, błyskawica
razi|ˈra.zi|part|określa wielokrotność, używane w~połączeniu z~liczebnikiem, na przykład {ka razi} -- dwukrotnie
recha|ˈrɛ.t͡ʂa|part|wszyscy, wszystko, wszystkie
rechakwa|ˈrɛ.t͡ʂak.wa|n|pl:rechakwaji ˈrɛ.t͡ʂak.wa.ʐi|fem|ocean
rechaḿaresen|rɛ.t͡ʂa.ˈma.rɛ.sɛn|n|Wszechświat
rede|ˈrɛ.dɛ|part|ponownie, znów
redo͞a|ˈrɛ.dɔa|part|kilka, niewielu, niewiele, kilku
regu|ˈrɛ.gu|adj|supl:regu͞em ˈrɛ.guɛm|comp:regu͞e ˈrɛ.guɛ|ciemny
regu͞o|ˈrɛ.guɔ|n|pl:reguos ˈrɛ.gu.ɔs|ciemność
reki|ˈrɛ.ki|v|pst:rek ˈrɛk|uderzyć, uderzać
relita|ˈrɛ.li.ta|part|zawsze
reso|ˈrɛ.sɔ|part|wszędzie
ret|ˈrɛt|n|pl:retos ˈrɛ.tɔs|sieć
retal|ˈrɛ.tal|n|pl:retalji ˈrɛ.tal.ʐi|dach
reter|ˈrɛt.ɛr|n|pl:reteros ˈrɛ.tɛ.rɔs|powrót
retto͞i|ˈrɛt.tɔi|v|pst:rettot ˈrɛt.tɔt|wracać
rewapo|ˈrɛ.wa.pɔ|adj|supl:rewape͞am ˈrɛ.wa.pɛam|comp:rewape͞a ˈrɛ.wa.pɛa|wąski
reylina|ˈrɛj.li.na|n|fem|jesień
rigati|ˈri.ga.ti|v|dziękować; także po prostu ,,dziękuję''
rige|ˈri.gɛ|n|pl:rigeos ˈri.gɛ.ɔs|fem:rigea ˈri.gɛ.a|władca, pan, lord|note:W rodzaju żeńskim słowo to uzyskuje końcówkę <ea>, jednak nie wymawia się tego jako [ˈri.gɛa], a jako [ˈri.gɛ.a].
rigei|ˈri.gɛ.i|v|rządzić, władać
rigeypa|ˈri.gɛj.pa|n|fem|władza, moc
riner|ˈri.nɛr|n|pl:rineros ˈri.nɛ.rɔs|fem:rinera ˈri.nɛ.ra|posłaniec
riper|ˈri.pɛr|n|pl:ripiji ˈri.pi.ʐi|fem|rozpruwacz
ripi|ˈri.pi|v|pst:ripet ˈri.pɛt|pruć, rozpruwać
ripijer|ˈri.pi.ʐɛr|n|pl:ripijeros ˈri.pi.ʐɛ.rɔs|granat
rissi|ˈris.si|v|pst:risset ˈris.sɛt|kopać
rivi|ˈri.vi|part|z prawej, prawa strona
rivisi|ˈri.vi.si|v|pst:rivisit ˈri.vi.sit|wzbogacać się, zyskiwać, dodawać
rizo|ˈri.zɔ|adj|supl:rizo͞em ˈri.zɔɛm|comp:rizo͞e ˈri.zɔɛ|dokładny
rizu͞o|ˈri.zuɔ|part|dokładnie tak, w~rzeczy samej
ro͞al|ˈrɔal|adj|supl:ro͞alem ˈrɔa.lɛm|comp:ro͞ale ˈrɔa.lɛ|bogaty
rome|ˈrɔ.mɛ|n|pl:romes ˈrɔ.mɛs|mięso
rori|ˈrɔ.ri|v|pst:rorit ˈrɔ.rit|myśleć; {epi rori} -- wydawać się
rosoi|ˈrɔ.sɔ.i|v|pst:rosoit ˈrɔ.sɔ.it|znikać, zniknąć
rufaler|ˈru.fa.lɛr|n|pl:rufaleros ˈru.fa.lɛ.rɔs|fem:rufalera ˈru.fa.lɛ.ra|rolnik
rujalar|ˈru.ʐa.lar|n|pl:rujalaros ˈru.ʐa.la.rɔs|fem:rujalara ˈru.ʐa.la.ra|mężczyzna, kobieta, człowiek, ludzie
rukila|ˈru.ki.la|n|pl:rukilaji ˈru.ki.la.ʐi|fem|kosmetyk
ruko|ˈru.kɔ|adj|czarny
ruko|ˈru.kɔ|n|czerń
rukolaner|ˈru.kɔ.la.nɛr|n|czarnoksieżnik, zły czarodziej, czarownik|note:Patrz również: {nimu͞er}.
rumar|ˈru.mar|n|pl:rumaros ˈru.ma.rɔs|fem:rumara ˈru.ma.ra|demon
runail|ˈru.na.il|n|pl:runailiji ˈru.na.i.li.ʐi|sekret
runailo|ˈru.na.i.lɔ|adj|sekretny
ruyanso|ˈru.jan.sɔ|adj|brutalny
sa|ˈsa|n|trzy, trójka
sa͞ućhit|sau.ˈt͡ʂit|n|pl:sa͞ućhitos sau.ˈt͡ʂi.tɔs|paznokieć
sa͞uk|ˈsauk|adj|supl:saukem ˈsa.u.kɛm|comp:sauke ˈsa.u.kɛ|smutny
saboti|ˈsa.bɔ.ti|v|pst:sabot ˈsa.bɔt|pokazywać, prezentować, przedstawiać
sacha|ˈsa.t͡ʂa|n|fem|prawda
sacho|ˈsa.t͡ʂɔ|adj|prawdziwy
sade|ˈsa.dɛ|n|całość
sado|ˈsa.dɔ|adj|cały
safayo|ˈsa.fa.jɔ|adj|szafirowy
safayo|ˈsa.fa.jɔ|n|pl:safajis ˈsa.fa.ʐis|szafir (kolor), szafir (kamień)
sage|ˈsa.gɛ|n|red:saperyer
sagerya|ˈsa.gɛr.ja|n|red:saperya
sainsi|ˈsa.in.si|v|znać
saiperi|ˈsa.i.pɛ.ri|v|pst:saiperit ˈsa.i.pɛ.rit|pamiętać
samicha|ˈsa.mi.t͡ʂa|n|pl:samichoji ˈsa.mi.t͡ʂɔ.ʐi|fem|ocena
samichi|ˈsa.mi.t͡ʂi|v|pst:samichit ˈsa.mi.t͡ʂit|oceniać
saperi|ˈsa.pɛ.ri|v|pst:saperit ˈsa.pɛ.rit|wiedzieć
saperya|ˈsa.pɛr.ja|n|fem|wiedza|note:W szczególności: wiedza tajemna.|note:Również: {sagerya}.
saperyer|ˈsa.pɛr.jɛr|n|pl:saperji ˈsa.pɛr.ʐi|fem:saperyera ˈsa.pɛr.jɛ.ra|mędrzec, wiedzący|note:Również spotykane są formy {sage} lub {zage}, zwłaszcza w~starszych tekstach.
sati|ˈsa.ti|adj|trzeci
say|ˈsaj|n|pl:sajis ˈsa.ʐis|fem|grzmot
saykar|ˈsaj.kar|n|przekleństwo nie skierowane na określoną postać, w~stylu: a~niech to wszystko szlag trafi
seiti|ˈsɛ.i.ti|v|czuć
sejitramo|ˈsɛ.ʐi.tra.mɔ|n|zachód słońca
sekaya|ˈsɛ.ka.ja|n|fem|planeta, świat|pl:sekaye ˈsɛ.ka.jɛ
seḱier|sɛ.ˈki.ɛr|n|kwarc
sekot|ˈsɛ.kɔt|n|pl:sekotos ˈsɛ.kɔ.tɔs|fem:sekota ˈsɛ.kɔ.ta|cień
sekupa|ˈsɛ.ku.pa|adj|supl:sekupem ˈsɛ.ku.pɛm|comp:sekupe ˈsɛ.ku.pɛ|bezpieczny
sekupao|ˈsɛ.ku.pa.ɔ|n|bezpieczeństwo
seĺadi|ˈsɛ.la.di|part|nieważne, to już nieistotne|note:Patrz również: {noẃirkle}.
sepo|ˈsɛ.pɔ|adj|supl:sepo͞em ˈsɛ.pɔɛm|comp:sepo͞e ˈsɛ.pɔɛ|wcześnie
seysei|ˈsɛj.sɛ.i|v|pst:seyset ˈsɛj.sɛt|poczuć, odczuwać|note:Istnieje wyrażenie {seysei choke chu ti}, oznaczające dosłownie ,,dzięki tobie poczułem się miło'', używane jako odpowiednik ,,miło mi było ciebie poznać''.
seysi|ˈsɛj.si|v|pst:set ˈsɛt|siadać, siedzieć
siboti|ˈsi.bɔ.ti|v|pst:sibot ˈsi.bɔt|tłumaczyć, wyjaśniać
sichemi|ˈsi.t͡ʂɛ.mi|v|pst:sichent ˈsi.t͡ʂɛŋt|wybaczać, przebaczać
sićheri|si.ˈt͡ʂɛ.ri|v|pst:sićherit si.ˈt͡ʂɛ.rit|wyjeżdżać, odjeżdzać
sideti|ˈsi.dɛ.ti|v|pst:sidet ˈsi.dɛt|boleć
sidowi|ˈsi.dɔ.wi|v|pst:sidowet ˈsi.dɔ.wɛt|napełniać, wypełniać
sifriti|ˈsi.fri.ti|v|gasić
sii|ˈsi:|part|jeśli, skoro, jeżeli
siki|ˈsi.ki|v|pst:sik ˈsik|myć
sikima|ˈsi.ki.ma|n|pl:sikimiji ˈsi.ki.mi.ʐi|fem|łazienka
simosti|ˈsi.mɔs.ti|v|pst:simoset ˈsi.mɔ.sɛt|wytwarzać, utwarzać, wytworzyć, utworzyć, stwarzać, stworzyć
sindo|ˈsin.dɔ|adj|supl:sindem ˈsin.dɛm|comp:sinde ˈsin.dɛ|powolny, niemrawy, niezdarny
sini|ˈsi.ni|v|wychodzić
siniko|ˈsi.ni.kɔ|adj|supl:siniko͞em ˈsi.ni.kɔɛm|comp:siniko͞e ˈsi.ni.kɔɛ|wspaniały
sipalima|ˈsi.pa.li.ma|n|pl:sipalimji ˈsi.pa.lim.ʐi|fem|opowieść, opowiadanie
sipalimi|ˈsi.pa.li.mi|v|opowiadać
siro|ˈsi.rɔ|adj|bezproblemowy, jasny
siro|ˈsi.rɔ|adj|biały
siro|ˈsi.rɔ|n|biel
siryazo|ˈsir.ja.zɔ|n|pl:siryazos ˈsir.ja.zɔs|światłość, jasność
sisuchi|ˈsi.su.t͡ʂi|v|pst:sisuchit ˈsi.su.t͡ʂit|wyłączać
siteli|ˈsi.tɛ.li|v|wycierać
sitora|ˈsi.tɔ.ra|n|pl:sitorji ˈsi.tɔr.ʐi|fem|wyrzutnia
situvi|ˈsi.tu.vi|v|pst:situvet ˈsi.tu.vɛt|zabierać
sivachi|ˈsi.va.t͡ʂi|v|pst:sivachit ˈsi.va.t͡ʂit|wydrapać
siyurcha|ˈsi.jur.t͡ʂa|n|pl:siyurchos ˈsi.jur.t͡ʂɔs|fem|wysyłka, transmisja wychodząca
siyurchi|ˈsi.jur.t͡ʂi|v|pst:siyurchet ˈsi.jur.t͡ʂɛt|wysyłać
so|ˈsɔ|part|co
soel|ˈsɔ.ɛl|n|pl:soelji sɔ.ɛl.ʐi|fem:soela sɔ.ɛ.la|wół, krowa, byk
soelyirome|ˈsɔ.ɛ.lʏ.rɔ.mɛ|n|pl:soelyiromes sɔ.ɛ.lʏ.rɔ.mɛs|wołowina
soki|ˈsɔ.ki|part|więc, zatem
somak|ˈsɔ.mak|part|gdzieś
somar|ˈsɔ.mar|part|gdzie
sormi|ˈsɔr.mi|v|pst:sormit ˈsɔr.mit|wschodzić (o słońcu)
sormo|ˈsɔr.mɔ|n|pl:sormiji ˈsɔr.mi.ʐi|wschód (kierunek), wschód słońca
sosbet|ˈsɔs.bɛt|n|pl:sosbetos ˈsɔs.bɛ.tɔs|fem:sosbeta ˈsɔs.bɛ.ta|podejrzany
sotak|ˈsɔ.tak|part|ktoś
soter|ˈsɔ.tɛr|part|kto
stoamjor|ˈstɔ.am.ʐɔr|n|pl:stoamji ˈstɔ.am.ʐi|program (komputerowy), algorytm, przepis
stobo|ˈstɔ.bɔ|adj|szary
stobo|ˈstɔ.bɔ|n|szarość
stopi|ˈstɔ.pi|v|pst:stopet ˈstɔ.pɛt|zatrzymywać
suasi|ˈsu.a.si|v|pst:suat ˈsu.at|ssać
sucha|ˈsu.t͡ʂa|n|pl:suchiji ˈsu.t͡ʂi.ʐi|fem|praca
suchi|ˈsu.t͡ʂi|v|pst:suchit ˈsu.t͡ʂit|włączać
sul|ˈsul|n|sól
sulga|ˈsul.ga|n|pl:sulgi ˈsul.gi|fem|pomoc
sulgi|ˈsul.gi|v|pst:sulgit ˈsul.git|pomagać
supirit|ˈsu.pi.rit|n|pl:supiritos ˈsu.pi.ri.tɔs|zmiana
supiriti|ˈsu.pi.ri.ti|v|pst:supirit ˈsu.pi.rit|zmieniać
supunto|ˈsu.pun.tɔ|n|pl:supuntos ˈsu.pun.tɔs|kopia (czegoś)
suyer|ˈsu.jɛr|n|pl:suyeros ˈsu.jɛ.rɔs|fem:suyera ˈsu.jɛ.ra|marynarz
suyerot|ˈsu.jɛ.rɔt|n|pl:suyerotos ˈsu.jɛ.rɔ.tɔs|statek
suyit́uka|su.ʏ.ˈtu.ka|n|pl:suyit́ukaji su.ʏ.ˈtu.ka.ʐi|fem|bandera|note:Dosłownie ,,wodna flaga''.
suzoto|ˈsu.zɔ.tɔ|adj|pokładowy
suzotu|ˈsu.zɔ.tu|n|pl:suzotus ˈsu.zɔ.tus|pokład|note:{a suzotu} -- na pokładzie
ta|ˈta|n|cztery, czwórka
taerno|ˈta.ɛr.nɔ|adj|zadowolony
tager|ˈta.gɛr|n|pl:tagerji ˈta.gɛr.ʐi|oszustwo
tagerer|ˈta.gɛ.rɛr|n|pl:tagereros ˈta.gɛ.rɛ.rɔs|fem:tagerera ˈta.gɛ.rɛ.ra|oszust
tageri|ˈta.gɛ.ri|v|pst:tagerit ˈta.gɛ.rit|oszukiwać
takari|ˈta.ka.ri|v|pst:takarit ˈta.ka.rit|pojawiać się
tamoki|ˈta.mɔ.ki|v|pst:tamok ˈta.mɔk|odwiedzać, wizytować
tamoko|ˈta.mɔ.kɔ|n|odwiedziny, wizyta
tanoni|ˈta.nɔ.ni|v|pst:tanot ˈta.nɔt|zarabiać
tar|ˈtar|part|zbyt
taris|ˈta.ris|n|pl:taris ˈta.ris|ostrze
tasek|ˈta.sɛk|n|pl:taskos ˈtas.kɔs|stół
tati|ˈta.ti|adj|czwarty
taúnin|ta.ˈu.nin|n|pl:taúninos ta.ˈu.ni.nɔs|plaster (mięsa), kromka (chleba), kawałek ciasta, część, fragment
tay|ˈtaj|n|pl:tajis ˈta.ʐis|fem|dzień, data
tayeti|ˈta.jɛ.ti|v|pst:tayet ˈta.jɛt|zapominać
tayizigen|ˈta.ʏ.zi.gɛn|n|pl:tajizigenji ˈta.ʐi.zi.gɛn.ʐi|kalendarz|note:Dosłownie: zbiór dni.
tebatte|ˈtɛ.bat.tɛ|n|fem|powinność|note:Może być używane również jako potwierdzenie: ,,tak, powinieneś to zrobić''.
tebumar|ˈtɛ.bu.mar|n|pl:tebumaros ˈtɛ.bu.ma.rɔs|kod, szyfr
tedima|ˈtɛ.di.ma|n|pl:tedimji ˈtɛ.dim.ʐi|fem|pokusa
tekyu|ˈtɛk.ju|n|technologia
teli|ˈtɛ.li|v|pst:telet ˈtɛ.lɛt|trzeć
temu|ˈtɛ.mu|part|partykuła używana w związku frazeologicznym "ileś lat temu", np. {ka yarji temu} - 2 lata temutepa|ˈtɛ.pa|adj|ciepły
tepa|ˈtɛ.pa|n|fem|ciepło
tesiko|ˈtɛ.si.kɔ|adj|wspólny|note:Także: razem.
teviti|ˈtɛ.vi.ti|v|pst:tevit ˈtɛ.vit|chcieć
teyamlara|ˈtɛ.jam.la.ra|n|pl:teyamlarji ˈtɛ.jam.lar.ʐi|fem|harmonogram
ti|ˈti|pro|ty
ti͞ocho|ˈtiɔ.t͡ʂɔ|adj|świeży
tira|ˈti.ra|n|pl:tirji ˈtir.ʐi|fem|łza
tiri|ˈti.ri|v|pst:tirit ˈti.rit|płakać
tochoi|ˈtɔ.t͡ʂɔ.i|v|pst:tochot ˈtɔ.t͡ʂɔt|dźgać
toi|ˈtɔ.i|pro|wy
toleze|ˈtɔ.lɛ.zɛ|n|pl:tolezeji ˈtɔ.lɛ.zɛ.ʐi|wysiłek
tope|ˈtɔ.pɛ|n|pl:topeji ˈtɔ.pɛ.ʐi|koniec
topi|ˈtɔ.pi|v|pst:topet ˈtɔ.pɛt|kończyć
tori|ˈtɔ.ri|v|pst:toret ˈtɔ.rɛt|rzucać
tosaper|ˈtɔ.sa.pɛr|n|pl:tosaperji ˈtɔ.sa.pɛr.ʐi|fem:tosapera ˈtɔ.sa.pɛ.ra|oficer
tot́ukcha|tɔ.ˈtuk.t͡ʂa|n|pl:tot́ukji tɔ.ˈtuk.ʐi|fem|proch, popiół
trakon|ˈtra.kɔn|n|pl:trakones ˈtra.kɔ.nɛs|fem:trakona ˈtra.kɔ.na|smok|note:W dialekcie zachodnim do dziś popularniejsze jest słowo {kahobeykar}, dosłownie ,,latający wąż''.
tramo|ˈtra.mɔ|n|pl:tramos ˈtra.mɔs|zachód (kierunek), zmierzch
tramo͞a|ˈtra.mɔa|adj|zachodni
tranki|ˈtran.ki|v|pst:tranek ˈtra.nɛk|uspokajać
tranok|ˈtra.nɔk|n|pokój, spokój
tuichir|ˈtu.i.t͡ʂir|n|pl:tuichiros ˈtu.i.t͡ʂi.rɔs|obraz
tuka|ˈtu.ka|n|pl:tukaji ˈtu.ka.ʐi|fem|flaga, chorągiew, proporzec|note:Patrz też: {suyit́uka}.
tuke|ˈtu.kɛ|n|formalny ukłon|note:Formalny ukłon oddawany władcy, przełożonemu lub bogom (głównie na Zachodzie). Prawidłowa etykieta dotycząca {tuke} jest bardzo rozbudowana, jednak ogólnie można powiedzieć, że mężczyźni i kobiety wykonują go nieco inaczej, gdzie dla kobiet jest inny od europejskiego dygnięcia ułożeniem kolan, dla mężczyzn zaś wymagane jest, aby plecy były całkowicie proste.
tuki|ˈtu.ki|v|pst:tukit ˈtu.kit|oddawać honory, salutować, kłaniać się (formalnie), oddawać hołd, oddawać cześć, czcić|note:Na Zachodzie kłanianie się jest nadal szeroko rozpowszechnione jako gest respektu lub uznania. W Środku i na Wschodzie zostało to zastąpione gestem umieszczenia pięści prawej ręki na wysokości klatki piersiowej pod koniec V wieku po Zjednoczeniu. Ukłony zostały zastąpione przez salut w wojsku, praktycznie na całym świecie.|note:Formalne ukłony są nadal stosowane na Dworze Cesarskim -- kobiety i mężczyźni oddają w ten sposób hołd panującemu.|note:Patrz też: {tuke}.
tutege|ˈtu.tɛ.gɛ|n|pl:tuteges ˈtu.tɛ.gɛs|sport
tuteger|ˈtu.tɛ.gɛr|n|pl:tutegeros ˈtu.tɛ.gɛ.rɔs|fem:tutegera ˈtu.tɛ.gɛ.ra|sportowiec
tuvi|ˈtu.vi|v|pst:tuvit ˈtu.vit|brać
tyi|ˈtʏ|pro|twój 2SG.GEN lub 2SG.POSS
tyoi|ˈtjɔ.i|pro|wasze 2PL.GEN lub 2PL.POSS
uf́riti|u.ˈfri.ti|v|pst:uf́rit u.ˈfrit|palić, spalić, wypalić
uḱachisi|u.ˈka.t͡ʂi.si|v|uczyć się
ultik|ˈul.tik|adj|ostatni, ostateczny
un|ˈun|part|pod
uńakaro|u.ˈna.ka.rɔ|adj|podczerwony
uńakaro|u.ˈna.ka.rɔ|n|podczerwień
unarel|ˈu.na.rɛl|n|pl:unarelji ˈu.na.rɛl.ʐi|uścisk
uńarli|u.ˈnar.li|v|pst:uńarlit u.ˈnar.lit|uściskać
uńatali|u.ˈna.ta.li|v|pst:uńatal u.ˈna.tal|urodzić (się)
unatalit́ay|u.na.ta.li.ˈtaj|n|pl:unatalit́aji ˈu.na.ta.li.ˈta.ʐi|urodziny
uneńi|u.nɛ.ˈni|v|pst:uneńit u.nɛ.ˈnit|odchodzić, uchodzić
uneńit|u.nɛ.ˈnit|n|pl:uneńitji u.nɛ.ˈnit.ʐi|podejście
uneya|ˈu.nɛ.ja|n|pl:uneyji ˈu.nɛj.ʐi|fem|informacja, dana
uneyatao|ˈu.nɛ.ja.ta.ɔ|n|dochodzenie, zbieranie informacji
unuracho|ˈu.nu.ra.t͡ʂɔ|adj|niespodzie\-wany
uśeysi|u.ˈsɛj.si|v|usiąść
ut́opi|u.ˈtɔ.pi|v|pst:ut́opet u.ˈtɔ.pɛt|ukończyć
uýubi|u.ˈju.bi|v|pst:uýut u.ˈjut|ogłuchnąć, stracić słuch, ale również: {ge uýut} -- zostać uciszonym
va|ˈva|part|partykuła -- operator aspektu dokonanego
vachei|ˈva.t͡ʂɛ.i|v|pst:vachet ˈva.t͡ʂɛt|ranić
vacheta|ˈva.t͡ʂɛ.ta|n|pl:vachetji ˈva.t͡ʂɛt.ʐi|fem|rana, zadrapanie
vachi|ˈva.t͡ʂi|v|pst:vachit ˈva.t͡ʂit|drapać
vacho|ˈva.t͡ʂɔ|adj|ranny
vagafra|ˈva.ga.fra|n|pl:vagafraji ˈva.ga.fra.ʐi|fem|narzędzie
vage|ˈva.gɛ|part|partykuła wyrażajaca operator trybu ekshortatywnego, zachęcającego do wykonania czynności
vahur|ˈva.xur|n|skóra
vahuryiáysi|va.xu.rʏ.ˈaj.si|n|pl:vahuryiaysiji ˈva.xur.ji.aj.si.ʐi|tatuaż|note:Dosłownie: skórne znamię.
vaja|ˈva.ʐa|part|czy
vajar|ˈva.ʐar|part|a może, czy może jednak
vajati|ˈva.ʐa.ti|v|pst:vajat ˈva.ʐat|narzekać; {vajati on} -- narzekać na
vajikoy|ˈva.ʐi.kɔj|part|czyjkolwiek
val|ˈval|n|pl:valos va.lɔs|fem:vala va.la|syn, córka
valor|ˈva.lɔr|adj|supl:valoram ˈva.lɔ.ram|comp:valora ˈva.lɔ.ra|silny
valor|ˈva.lɔr|n|pl:valoros ˈva.lɔ.rɔs|zbroja
vapal|ˈva.pal|n|pl:vapalos ˈva.pa.lɔs|ojciec
varsi|ˈvar.si|v|pst:vajat ˈva.ʐat|wstawać, wstać, stać, stawać
vati|ˈva.ti|v|pst:vat ˈvat|patrzeć
vay|ˈvaj|part|partykuła wzmacniająca pytania ,,czy''
vayara|ˈva.ja.ra|n|pl:vayarji ˈva.jar.ʐi|fem|podróż
vayaren|ˈva.ja.rɛn|n|pl:vayarenjos ˈva.ja.rɛn.ʐɔs|fem:vayarena ˈva.ja.rɛ.na|podróżnik
vayareni|ˈva.ja.rɛ.ni|v|podróżować
vayaro|ˈva.ja.rɔ|adj|podróżujący|note:Bardziej popularna forma, ale w~dialekcie pustynnym pojawia się określenie {vyage}.
vayi|ˈva.ji|part|czyjś
vechireder|ˈvɛ.t͡ʂi.rɛ.dɛr|n|pl:vechiredeji ˈvɛ.t͡ʂi.rɛ.dɛ.ʐi|fem:vechiredera ˈvɛ.t͡ʂi.rɛ.dɛ.ra|głupiec, głupek
vechiredo|ˈvɛ.t͡ʂi.rɛ.dɔ|n|głupota
vechiret|ˈvɛ.t͡ʂi.rɛt|adj|supl:vechiredem ˈvɛ.t͡ʂi.rɛ.dɛm|comp:vechirede ˈvɛ.t͡ʂi.rɛ.dɛ|głupi, głupszy, najgłupszy
veder|ˈvɛ.dɛr|n|pl:vederos ˈvɛ.dɛ.rɔs|fem:vedera ˈvɛ.dɛ.ra|rzemieślnik (dosł. zginacz)
vedi|ˈvɛ.di|v|giąć, zginać
vejo|ˈvɛ.ʐɔ|adj|niebieski, granatowy
vejo|ˈvɛ.ʐɔ|n|kolor niebieski, granatowy
vek|ˈvɛk|adj|supl:vyekka ˈvjɛk.ka|comp:vekka ˈvɛk.ka|stary
vek|ˈvɛk|n|starość
verayo|ˈvɛ.ra.jɔ|adj|zaszczytny, zaszczycony
vetfar|ˈvɛt.far|n|kunszt, sztuka
veychali|ˈvɛj.t͡ʂa.li|v|pst:veychalit ˈvɛj.t͡ʂa.lit|obserwować
veychali͞a|ˈvɛj.t͡ʂa.lia|n|pl:veychalyes ˈvɛj.t͡ʂal.jɛs|fem|obserwacja, sztuka obserwacji, wynik obserwacji
veydi|ˈvɛj.di|v|pst:veyet ˈvɛ.jɛt|widzieć, zobaczyć
veydili|ˈvɛj.di.li|v|oglądać
veydili|ˈvɛj.di.li|v|pst:veydit ˈvɛj.dit|oglądać
veydilo|ˈvɛj.di.lɔ|adj|supl:veydilo͞em ˈvɛj.di.lɔɛm|comp:veydilo͞e ˈvɛj.di.lɔɛ|widoczny, widzialny
veyos|ˈvɛj.ɔs|n|wzrok
veyrali|ˈvɛj.ra.li|v|pst:veyralit ˈvɛj.ra.lit|gapić się
veysamichi|ˈvɛj.sa.mi.t͡ʂi|v|pst:veysamichit ˈvɛj.sa.mi.t͡ʂit|oceniać wzrokiem
vi|ˈvi|part|partykuła -- operator aspektu niedokonanego
vibi|ˈvi.bi|v|jeść
vibo|ˈvi.bɔ|n|jedzenie
vicho|ˈvi.t͡ʂɔ|adj|częsty
vige|ˈvi.gɛ|part|partykuła -- formalny operator ekshortatywny ,,niech się stanie''|note:Istnieje szereg idiomów używanych wraz z~operatorem {vige}: {vige choke tay} -- miłego dnia, {vige menede} -- na zdrowie, {vige sekupa vayara} -- bezpiecznej podróży (dosłownie tłumaczy się na: ,,niech twoja podróż będzie bezpieczna''), {vige veydi} -- do widzenia (,,niech się stanie tak, abym ciebie jeszcze zobaczył'') -- często skracane do {vive}.
viki|ˈvi.ki|v|pst:vik ˈvik|ciąć
vimi|ˈvi.mi|part|partykuła -- operator trybu przypuszczającego
vinal|ˈvi.nal|n|chleb
vipetode|ˈvi.pɛ.tɔ.dɛ|n|pl:vipetodes ˈvi.pɛ.tɔ.dɛs|miska|note:Dosłownie: pojemnik na jedzenie.
vipini|ˈvi.pi.ni|v|musieć, zmuszać, zmusić, przymusić
vir|ˈvir|adj|supl:virrem ˈvir.rɛm|comp:virre ˈvir.rɛ|mały
viran|ˈvi.ran|n|pl:viranos vi.ra.nɔs|groch, groszek
vireja|ˈvi.rɛ.ʐa|n|pl:vireji ˈvi.rɛ.ʐi|gwiazda
viri|ˈvi.ri|part|trochę
vitokar|ˈvi.tɔ.kar|n|pl:vitokaros ˈvi.tɔ.ka.rɔs|tarcza, pancerz, osłona
vitokaro|ˈvi.tɔ.ka.rɔ|adj|pancerny, opancerzony
voese|ˈvɔ.ɛ.sɛ|adj|spragniony (domyślnie: napoju, wody), ale również może być spragniony czegokolwiek innego -- używa się tutaj partykuły chu, np. {voese chu koóln} -- spragniony miłości
voesi|ˈvɔ.ɛ.si|v|pst:voesit ˈvɔ.ɛ.sit|pragnąć
vojibo|ˈvɔ.ʐi.bɔ|adj|przeciwny
vojiboge|ˈvɔ.ʐi.bɔ.gɛ|part|przeciw (komuś)
voli|ˈvɔ.li|part|kiedy; {o voli} -- do kiedy
volu|ˈvɔ.lu|part|kiedyś
volumo|ˈvɔ.lu.mɔ|part|kiedykolwiek
votepo|ˈvɔ.tɛ.pɔ|adj|supl:votepo͞em ˈvɔ.tɛ.pɔɛm|comp:votepo͞e ˈvɔ.tɛ.pɔɛ|gorący
vuginer|ˈvu.gi.nɛr|n|fem:vuginera ˈvu.gi.nɛ.ra|pl:vugineros ˈvu.gi.nɛ.rɔs|szpieg
vulagi|ˈvu.la.gi|v|pst:vulagit ˈvu.la.git|wygrać, wygrywać
vyage|ˈvja.gɛ|adj|podróżujący|note:Raczej używane tylko w~dialekcie pustynnym. Patrz {vayaro}.
vyage|ˈvja.gɛ|n|podróżnik|note:Raczej używane tylko w~dialekcie pustynnym. Patrz {vayaro}.
vyajeto|ˈvju.ʐɛ.tɔ|adj|osłupiały
vyele|ˈvjɛ.lɛ|adj|supl:vyelo͞em ˈvjɛ.lɔɛm|comp:vyelo͞e ˈvjɛ.lɔɛ|wiele, dużo, więcej, najwięcej
wa|ˈwa|n|zero, pustka, nicość, brak
wa͞ime|ˈwai.mɛ|adj|supl:wa͞ime͞am ˈwai.mɛam|comp:wa͞ime͞a ˈwai.mɛa|szeroki
waleva|ˈwa.lɛ.va|n|pl:waleveji ˈwa.lɛ.vɛ.ʐi|fem|obietnica
walevi|ˈwa.lɛ.vi|v|pst:walevet ˈwa.lɛ.vɛt|obiecywać
waril|ˈwa.ril|adj|supl:warile͞am ˈwa.ri.lɛam|comp:warile͞a ˈwa.ri.lɛa|długi
warila|ˈwa.ri.la|n|fem|długość
warilo|ˈwa.ri.lɔ|adj|wzdłuż
wesazi|ˈwɛ.sa.zi|v|pst:wesazit ˈwɛ.sa.zit|stawać się, zmieniać się
wesi|ˈwɛ.si|v|pst:weset ˈwɛ.sɛt|błyszczeć
wiéni|wi.ˈɛ.ni|v|pst:wiént wi.ˈɛŋt|podchodzić
wifori|ˈwi.fɔ.ri|v|pst:wiforit ˈwi.fɔ.rit|kosztować
wiforo|ˈwi.fɔ.rɔ|adj|supl:wiforo͞em ˈwi.fɔ.rɔɛm|comp:wiforo͞e ˈwi.fɔ.rɔɛ|drogi, kosztowny
wiḱelsani|wi.ˈkɛl.sa.ni|v|pst:wiḱelsant wi.ˈkɛl.saŋt|podporządkować się
wirklo|ˈwir.klɔ|adj|ważny
wo͞an|ˈwɔ.an|n|pl:woaji ˈwɔ.a.ʐi|pióro
wochu|ˈwɔ.t͡ʂu|part|który? która?
wodo|ˈwɔ.dɔ|part|którędy
wofo|ˈwɔ.fɔ|n|pl:wofiji ˈwɔ.fi.ʐi|kolor|note:Przestarzałe. Częściej używa się {pukes}.
wora|ˈwɔ.ra|n|pl:worji ˈwɔr.ʐi|fem|wojna|note:Pochodzi bezpośrednio od imienia bogini wojny.
worar|ˈwɔ.rar|n|pl:worjes ˈwɔr.ʐɛs|fem:worara ˈwɔ.ra.ra|wojownik
woru͞a|ˈwɔ.rua|adj|wojenny, wojskowy
wozidi|ˈwɔ.zi.di|n|przestrzeń
ya|ˈja|n|osiem, ósemka
yabor|ˈja.bɔr|n|nadgarstek
yage|ˈja.gɛ|part|dokąd
yalito|ˈja.li.tɔ|n|pl:yalitos ˈja.li.tɔs|peron, terminal lotniskowy
yar|ˈjar|n|pl:yarji ˈjar.ʐi|rok
yasa͞o|ˈja.saɔ|n|pl:yasaji ˈja.sa.ʐi|węgorz
yasu|ˈja.su|part|skąd
yati|ˈja.ti|adj|ósmy
ye|ˈjɛ|part|tak, tja (nieformalne)
yeécho|jɛ.ˈɛ.t͡ʂɔ|part|oczywiście
yeitto|ˈjɛ.it.tɔ|n|pl:yeitji ˈjɛ.it.ʐi|historia, historyjka
yeki|ˈjɛ.ki|v|szyć
yeloya|ˈjɛ.lɔ.ja|n|pl:yeloji ˈjɛ.lɔ.ʐi|fem|lina
yen|ˈjɛn|part|lub
yi|ˈʏ|pro|przyimek dzierżawczy
yis|ˈʏs|part|tak
yobar|ˈjɔ.bar|n|pl:yobarji ˈjɔ.bar.ʐi|patyk, drewienko, chrust
yoker|ˈjɔ.kɛt|n|pl:yoketos ˈjɔ.kɛ.tɔs|guzik, przycisk, klawisz
yoni|ˈjɔ.ni|v|pst:yon ˈjɔn|odwracać
yoya|ˈjɔ.ja|adj|supl:yoye͞am ˈjɔ.jɛam|comp:yoye͞a ˈjɔ.jɛa|późny, późno
yube|ˈju.bɛ|n|cisza
yubi|ˈju.bi|v|pst:yut ˈjut|ściszać, uciszać
yurcher|ˈjur.t͡ʂɛr|n|pl:yurcheros ˈjur.t͡ʂɛ.rɔs|list pocztowy, list elektroniczny, e-mail
yurchera|ˈjur.t͡ʂɛ.ra|n|fem|poczta|note:Oficjalnie: urząd pocztowy {yurchero muner}.
yurchero|ˈjur.t͡ʂɛ.rɔ|adj|pocztowy
yurcheromamer|ˈjur.t͡ʂɛ.rɔ.ma.mɛr|n|pl:yurcheromameros ˈjur.t͡ʂɛ.rɔ.ma.mɛ.rɔs|fem:yurcheromamera ˈjur.t͡ʂɛ.rɔ.ma.mɛ.ra|listonosz
yurchi|ˈjur.t͡ʂi|v|pst:yurchet ˈjur.t͡ʂɛt|słać, wysyłać (w szczególności pocztą)
zaálta|za.ˈal.ta|n|pl:zaáltos ˈza.al.tɔs|fem|lud, naród
zaámey|za.ˈa.mɛj|n|pl:zaámeji ˈza.ˈa.mɛ.ʐi|fem:zaámeya ˈza.a.mɛ.ja|szmata (pejoratywnie), brudna rzecz|note:Używane jako pejoratywne określenie osoby, w~szczególności osoby, która sypia z~wieloma innymi osobami. W~starożytności niewolnicy musieli używać w stosunku do siebie określenia {je zaámey} lub wręcz {che zaámey} zamiast zaimka {mi}.
zaibi|ˈza.i.bi|v|pst:zaibit ˈza.i.bit|czyścić
zaimi|ˈza.i.mi|v|pst:zaimit ˈza.i.mit|żegnać|note:Używane również jako pożegnanie, w~mowie potocznej skracane często do {zay} -- ,,pa'', ,,pa-pa''.
zajan|ˈza.ʐan|n|pl:zajanji ˈza.ʐan.ʐi|bank
zay|ˈzaj|part|żegnaj, pa, papa|note:Patrz również {zaimi}.
ze|ˈzɛ|part|partykuła -- operator czasu przyszłego
ze͞ijaki|ˈzɛi.ʐa.ki|adj|wrażliwy, podatny na zranienie
zeku͞a|ˈzɛ.kua|n|pl:zekuji ˈzɛ.ku.ʐi|fem|jezioro
zetay|ˈzɛ.taj|part|jutro
zeuna|ˈzɛ.u.na|n|pl:zeunji ˈzɛ.un.ʐi|fem|kosmos
zeuye|ˈzɛ.u.jɛ|adj|supl:zeuye͞am ˈzɛ.u.jɛam|comp:zeuye͞a ˈzɛ.u.jɛa|gruby
zeuyeno|ˈzɛ.u.jɛ.nɔ|adj|kosmiczny
zeuyerot|ˈzɛ.u.jɛ.rɔt|n|pl:zeuyerotes ˈzɛ.u.jɛ.rɔ.tɛs|statek kosmiczny, pojazd kosmiczny
zevoyim|ˈzɛ.vɔ.ʏm|n|pl:zevoyimos ˈzɛ.vɔ.ji.mɔs|poranek, ranek
zezana|ˈzɛ.za.na|n|pl:zezanji ˈzɛ.zan.ʐi|fem|pistolet
zigen|ˈzi.gɛn|n|pl:zigenji ˈzi.gɛn.ʐi|zbiór
zihoseja|ˈzi.xɔ.sɛ.ʐa|n|pl:zihoseji ˈzi.xɔ.sɛ.ʐi|fem|galaktyka
zihu|ˈzi.xu|n|pl:zihus ˈzi.xus|owoc
zime͞osuper|ˈzi.mɛɔ.su.pɛr|n|pl:zime͞osuperos ˈzi.mɛɔ.su.pɛ.rɔs|spadochron
zimeba|ˈzi.mɛ.ba|n|pl:zimebiji ˈzi.mɛ.bi.ʐi|fem|osłona
zimebi|ˈzi.mɛ.bi|v|pst:zimebit ˈzi.mɛ.bit|ratować, chronić
zir|ˈzir|n|pl:zirji ˈzir.ʐi|fem|jaskółka
zo͞ar|ˈzɔar|n|pl:zo͞aros ˈzɔa.rɔs|ogon
zodichi|ˈzɔ.di.t͡ʂi|v|pst:zodichit ˈzɔ.di.t͡ʂit|gwizdać
zohi|ˈzɔ.xi|v|pst:zohit ˈzɔ.xit|porzucać, zostawiać
zokem|ˈzɔ.kɛm|n|pl:zokemos ˈzɔ.kɛ.mɔs|metal
zor|ˈzɔr|part|albo
zoreche|ˈzɔ.rɛ.t͡ʂɛ|adj|supl:zoreche͞am ˈzɔ.rɛ.t͡ʂɛam|comp:zoreche͞a ˈzɔ.rɛ.t͡ʂɛa|głodny
zosu|ˈzɔ.su|part|bardzo
zosuvi|ˈzɔ.su.vi|part|bardziej
zoyer|ˈzɔ.jɛr|n|wróg, przeciwnik, nieprzyjaciel
